지점,일시,평균기온(°C),최저기온(°C),최저기온 시각(hhmi),최고기온(°C),최고기온 시각(hhmi),강수 계속시간(hr),10분 최다 강수량(mm),10분 최다강수량 시각(hhmi),1시간 최다강수량(mm),1시간 최다 강수량 시각(hhmi),일강수량(mm),최대 순간 풍속(m/s),최대 순간 풍속 풍향(16방위),최대 순간풍속 시각(hhmi),최대 풍속(m/s),최대 풍속 풍향(16방위),최대 풍속 시각(hhmi),평균 풍속(m/s),풍정합(100m),평균 이슬점온도(°C),최소 상대습도(%),최소 상대습도 시각(hhmi),평균 상대습도(%),평균 증기압(hPa),평균 현지기압(hPa),최고 해면기압(hPa),최고 해면기압 시각(hhmi),최저 해면기압(hPa),최저 해면기압 시각(hhmi),평균 해면기압(hPa),가조시간(hr),합계 일조 시간(hr),1시간 최다일사 시각(hhmi),1시간 최다일사량(MJ/m2),합계 일사(MJ/m2),일 최심신적설(cm),일 최심신적설 시각(hhmi),일 최심적설(cm),일 최심적설 시각(hhmi),합계 3시간 신적설(cm),평균 전운량(1/10),평균 중하층운량(1/10),평균 지면온도(°C),최저 초상온도(°C),평균 5cm 지중온도(°C),평균 10cm 지중온도(°C),평균 20cm 지중온도(°C),평균 30cm 지중온도(°C),0.5m 지중온도(°C),1.0m 지중온도(°C),1.5m 지중온도(°C),3.0m 지중온도(°C),5.0m 지중온도(°C),합계 대형증발량(mm),합계 소형증발량(mm),9-9강수(mm),안개 계속시간(hr)
156,2012-01-01,1,-2.3,2348,4,1114,10.58,,,,,1.1,10.5,20,2300,6.3,20,2243,1.8,1581,-2.5,65,2245,77.1,5.2,1016,1027.1,2318,1023,1430,1025.2,9.8,.1,1100,.55,2.33,.1,1740,.1,1740,.1,8.3,6.4,1.7,-4,,,,,,,,,,,,,
156,2012-01-02,-1,-4.9,306,3.3,1330,,,,,,,7.6,360,15,4.3,360,10,2.2,1864,-6.1,55,1327,68.3,3.9,1017.5,1028.8,1018,1024.9,2354,1026.7,9.8,6.2,1100,1.4,7.29,,,.1,1,,7.1,6.5,.6,-7.2,,,,,,,,,,,,,
156,2012-01-03,-.4,-2.9,2357,3.1,1249,9.48,,,,,2,8.1,340,1634,3.8,320,1806,1.7,1499,-3.2,61,1246,82.1,4.9,1013.8,1025,1,1020.2,1355,1022.9,9.9,2.1,1100,.97,4.23,2.5,2345,2.5,2345,2.5,8,6.5,1,-5.4,,,,,,,,,,,,,
156,2012-01-04,-2.2,-3.9,649,-.4,1343,13.55,,,,,2.7,7.8,360,1406,4.7,20,1459,1.7,1456,-5.3,64,1501,79.5,4.1,1017.2,1029.1,2140,1022.9,1,1026.5,9.9,5.5,1300,1.46,5.86,4.8,1000,7.1,1000,4.9,7.4,7.4,.4,-5.1,,,,,,,,,,,,,
156,2012-01-05,-2.4,-5.6,652,3.1,1454,1.67,,,,,0,7.3,50,849,4.4,50,1021,2,1754,-6.6,55,1508,73.1,3.7,1020.5,1031.4,918,1028.2,1448,1029.8,9.9,7.6,1100,1.46,8.64,,,3.2,1,,3.9,3.9,2,-8.2,,,,,,,,,,,,,
156,2012-01-06,-1.7,-6.6,656,4,1454,,,,,,,6.4,20,1530,4.2,20,1708,1.5,1321,-6.7,55,1500,69.4,3.7,1022.4,1034.2,2355,1030,38,1031.7,9.9,6.1,1200,1.44,7.17,,,,,,3.1,2.6,.3,-8,,,,,,,,,,,,,
156,2012-01-07,-2,-6,731,3.8,1545,,,,,,,5.1,50,1311,3.6,20,243,1.5,1287,-9.4,34,1532,58.8,3,1025.8,1037.5,1031,1033.7,1531,1035.2,9.9,9.3,1200,1.64,9.82,,,,,,0,0,.2,-8.8,,,,,,,,,,,,,
156,2012-01-08,-1.4,-6.9,707,5.3,1427,,,,,,,6.7,320,1653,3.8,50,1903,1.4,1237,-7.4,29,1430,65.8,3.6,1023,1034.4,108,1029.6,1355,1032.3,9.9,6.8,1300,1.33,8.03,,,,,,2.5,2.5,-.3,-8.7,,,,,,,,,,,,,
156,2012-01-09,2.2,-1.6,30,7.2,1430,,,,,,,8.6,50,952,5.6,50,952,2.5,2127,-3.9,45,1252,64.5,4.6,1021.1,1031.9,1024,1028,1512,1030.2,9.9,7.3,1200,1.41,7.91,,,,,,5.1,4.8,2.1,-5.2,,,,,,,,,,,,,
156,2012-01-10,2,-.9,740,5.3,1522,,,,,,,8.1,50,1538,4.8,360,1543,2.1,1851,-4.7,37,1538,62.1,4.3,1019.2,1029.8,1125,1026.5,1502,1028.4,10,7.4,1300,1.53,8.28,,,,,,5.4,2.4,2.6,-4.1,,,,,,,,,,,,,
156,2012-01-11,-1.4,-5.7,2338,1.5,119,6.08,,,,,0,10.5,20,1201,6,20,1238,2.6,2268,-8.5,37,1505,59.1,3.3,1022.1,1033.8,2107,1028.4,19,1031.4,10,7.3,1400,1.37,7.27,,,,,,4.4,4,1.7,-8.1,,,,,,,,,,,,,
156,2012-01-12,-1.4,-6.4,142,2.2,1330,,,,,,,6.4,360,1254,4.4,50,734,1.6,1417,-7.2,49,1331,65.3,3.6,1020.6,1033.7,259,1027.2,2304,1029.9,10,4.5,1200,1.6,6.57,,,,,,6,6,-.2,-8.4,,,,,,,,,,,,,
156,2012-01-13,1.2,-2.5,522,6.5,1504,.8,,,,,0,6.4,320,1525,3.2,20,2130,1.2,1053,-4,41,1522,69.5,4.5,1016.6,1027.5,2,1024,1616,1025.8,10,5.9,1200,1.13,6.16,,,,,,6.1,5.8,1.8,-5.1,,,,,,,,,,,,,
156,2012-01-14,.5,-3.2,650,5.3,1333,,,,,,,6.4,20,548,4.3,20,712,2.7,2294,-10.9,21,1513,45.5,2.7,1015.7,1027.2,1015,1023.2,2358,1024.9,10,8.7,1100,1.69,10.08,,,,,,3.5,0,1.8,-6.2,,,,,,,,,,,,,
156,2012-01-15,1,-1.4,354,4.3,1425,,,,,,,5.9,50,1011,4.2,50,1000,1.6,1396,-8.7,35,1515,49.6,3.2,1012.4,1023.5,34,1019.5,1446,1021.5,10,.4,1200,.8,4.83,,,,,,8.1,1,1.3,-3.7,,,,,,,,,,,,,
156,2012-01-16,3.7,-.9,722,11.1,1419,,,,,,,5.7,320,1656,2.9,50,500,1.2,1062,-7.1,25,1550,46.6,3.6,1008.9,1020.9,1,1015.1,1454,1017.9,10.1,7.9,1200,1.66,9,,,,,,4.6,.8,3.6,-3.8,,,,,,,,,,,,,
156,2012-01-17,4.3,.6,454,10,1510,.42,,,,,0,3.9,320,1900,2.5,20,2335,.8,692,-.8,54,1512,69.9,5.8,1011.7,1022.7,1036,1019.1,1,1020.7,10.1,3.5,1200,.99,5.69,,,,,,6,3.9,3.4,-2.6,,,,,,,,,,,,,
156,2012-01-18,4.1,-.2,707,8.7,1243,,,,,,,7.6,70,1307,5.3,50,1311,2.1,1832,-1.6,44,1616,67.9,5.5,1012.3,1023,846,1019.2,1321,1021.3,10.1,.9,1200,.99,4.32,,,,,,6.6,2.1,2.6,-3.1,,,,,,,,,,,,,
156,2012-01-19,6.1,3.7,303,8.2,1302,7.95,,,,,0,5.8,50,517,4.1,50,523,2.3,1976,3.1,57,4,81.9,7.6,1010.8,1021.2,1,1018,1530,1019.7,10.1,0,1200,.64,2.02,,,,,,10,5.5,4.9,2,,,,,,,,,,,,,
156,2012-01-20,8,6.6,2140,9.9,1046,4.78,,,,,.2,8,50,233,5.9,50,250,2.9,2468,2.9,61,1053,70.5,7.5,1011.3,1020.9,947,1019.3,440,1020.2,10.2,.4,1000,.61,3.3,,,,,,10,5.5,6.4,4.8,,,,,,,,,,,,,
156,2012-01-21,4.5,2.4,2344,7,1,18.7,,,,,5,5.1,290,1500,3.3,50,1246,1.7,1496,2.5,69,108,87.8,7.4,1011.8,1022.1,1037,1019.6,1357,1020.8,10.2,0,1300,.48,2.07,,,,,,10,5.8,5.4,1.9,,,,,,,,,,,,,
156,2012-01-22,-1.7,-4.5,2350,2.4,1,3.17,,,,,0,10.2,20,2108,5.8,20,2155,3.1,2638,-8.5,34,1355,60.5,3.3,1015.3,1026.7,2226,1021.7,1,1024.6,10.2,8.1,1200,1.75,10.06,,,,,,4.9,3.9,2.5,-4.7,,,,,,,,,,,,,
156,2012-01-23,-5,-7.5,729,-1.6,1306,3.75,,,,,0,11.9,20,1351,6.6,20,1318,3.8,3276,-12.5,36,1526,56.5,2.4,1017.5,1027.8,1047,1025.8,1515,1026.9,10.2,9.2,1200,1.59,9.35,,,,,,4.8,4.8,.1,-8.7,,,,,,,,,,,,,
156,2012-01-24,-4.3,-7.8,438,-.2,1533,3.87,,,,,0,6.7,50,1515,4.6,20,1533,1.9,1638,-9.5,56,1702,67,3,1015.9,1027.8,201,1023,1617,1025.2,10.3,7,1200,1.46,7.83,,,,,,4.9,3.6,-.8,-9.3,,,,,,,,,,,,,
156,2012-01-25,-4.6,-6.9,2354,-1.4,1619,8.08,,,,,2.7,7.2,340,1304,4.7,20,1851,1.9,1643,-8.6,51,1620,74.8,3.2,1015.7,1027.4,2355,1022.4,410,1025.1,10.3,8.5,1200,1.8,10.32,7.2,910,7.2,910,7.2,3.8,3.8,1,-9.9,,,,,,,,,,,,,
156,2012-01-26,-2.5,-9.7,645,3.6,1415,.07,,,,,0,6,230,1442,3.6,230,1422,1.1,947,-6.8,48,1355,73.3,3.8,1017.6,1028.9,728,1024.7,2355,1026.9,10.3,6.9,1200,1.68,9.77,,,3,1,,3.9,3.9,-.6,-11.3,,,,,,,,,,,,,
156,2012-01-27,2.5,-1.6,747,8.7,1404,,,,,,,5.6,250,1434,2.9,230,1435,.8,731,-2.1,44,1518,73.1,5.2,1016,1026,959,1023.7,1446,1025.1,10.3,6.1,1200,1.67,9.51,,,,,,5.5,3.6,2.5,-5,,,,,,,,,,,,,
156,2012-01-28,2.4,-1,533,9,1531,,,,,,,12.4,20,1434,8.1,20,1442,3.2,2753,-10.5,16,1511,43.6,2.9,1017.2,1028.3,1024,1023.9,1434,1026.3,10.4,8,1200,1.87,10.75,,,,,,5.4,0,2.9,-4.6,,,,,,,,,,,,,
156,2012-01-29,1.3,-2.6,706,6.3,1343,,,,,,,8.9,20,1445,6.2,20,1445,3.5,3053,-15.1,21,1430,29,1.9,1019.2,1029.7,1108,1026.9,31,1028.4,10.4,7.6,1100,1.46,9,,,,,,2.5,0,1.7,-6,,,,,,,,,,,,,
156,2012-01-30,-.8,-3.4,752,4,1456,,,,,,,11.8,20,1454,7.3,20,1455,3.2,2770,-15.7,14,1222,33.5,1.9,1020.4,1031.3,557,1027.2,1459,1029.6,10.4,9.5,1200,1.94,11.81,,,,,,1.1,0,1.7,-7.2,,,,,,,,,,,,,
156,2012-01-31,.4,-6.1,718,6.6,1502,6.42,,,,,1.5,12.6,230,1525,8,200,1457,2.8,2406,-5.4,33,1014,67.1,4.5,1014.4,1029.3,43,1019.4,2220,1023.6,10.4,3.2,1100,1.36,6.69,,,,,,6.8,4.5,1,-8.3,,,,,,,,,,,,,
156,2012-02-01,-4,-6.3,2231,1.8,1,12.65,,,,,0,11.2,20,1652,6.1,20,1605,3.4,2912,-8.9,49,1636,68.5,3.2,1016.8,1029.3,2148,1020.6,1,1026.1,10.5,8.2,1100,1.62,9.1,,,,,,8.4,6.8,.9,-6.2,,,,,,,,,,,,,
156,2012-02-02,-7.9,-9.7,736,-5.2,1625,8.5,,,,,.3,10.7,20,1249,6.9,20,1204,3.4,2900,-13,51,1627,67,2.3,1021.3,1032.2,1104,1028.7,38,1030.9,10.5,9.1,1300,1.8,10.98,.7,858,.7,858,.7,4.8,4.8,-.6,-10.2,,,,,,,,,,,,,
156,2012-02-03,-4.6,-9.3,18,.3,1352,5.12,,,,,0,5.6,50,200,4.2,50,215,1.9,1609,-9,56,1119,71.3,3.2,1018.4,1031,1,1025.6,1600,1027.8,10.5,8.2,1300,1.75,9.77,,,,,,4.8,4.8,-1.1,-10,,,,,,,,,,,,,
156,2012-02-04,-.5,-4.7,1,5.1,1422,3.22,,,,,0,6.1,290,1527,3.2,50,2031,1.1,940,-5.8,47,1611,68.8,4,1017.8,1028.5,1136,1026.1,1709,1027.1,10.6,6.4,1200,1.4,7.68,,,,,,6.6,5.6,.6,-7.4,,,,,,,,,,,,,
156,2012-02-05,1.3,-2.8,407,6.3,1606,,,,,,,4.2,50,930,2.6,50,931,.9,749,-5.2,38,1205,63,4.2,1015,1027.3,337,1021.7,1749,1024.1,10.6,3.4,1200,1.27,5.9,,,,,,7.4,1.5,1.1,-6.5,,,,,,,,,,,,,
156,2012-02-06,2.2,-1.4,301,4.3,1446,10.33,,,,,4,5.3,50,1412,4,50,1413,1.4,1243,-.1,67,1144,85.5,6.2,1007.6,1022,1,1013.7,1652,1016.6,10.6,0,1300,.36,2.08,,,,,,9,4.8,1.7,-4.5,,,,,,,,,,,,,
156,2012-02-07,-3.4,-6.6,2233,3.1,28,13.95,,,,,0,11.7,360,1523,8.9,360,1003,3.6,3137,-8.7,52,1446,67,3.3,1010.9,1024.4,2225,1014.1,41,1020.2,10.6,5.9,1100,1.39,8.07,.1,2400,.1,2400,.1,7.1,7.1,.8,-7.3,,,,,,,,,,,,,
156,2012-02-08,-5.7,-9.3,739,-2,1240,14.23,,,,,3.5,7.2,50,656,5,50,642,2.4,2047,-8.8,43,1009,79.3,3.2,1014.9,1026.4,2322,1022.1,1517,1024.3,10.7,4.9,1200,1.6,7.39,8.1,2400,8.1,2400,8.6,6.1,6.1,-1,-10.6,,,,,,,,,,,,,
156,2012-02-09,-1.8,-5.4,318,1.7,1509,6,,,,,.8,6.9,70,932,4.8,50,938,1.3,1145,-7.1,47,1201,69.5,3.6,1018,1029.2,1103,1025.2,1629,1027.3,10.7,7.8,1300,1.2,6.07,2,600,10.1,600,2,6.6,4,.2,-8.6,,,,,,,,,,,,,
156,2012-02-10,-.3,-4.4,616,4.5,1416,,,,,,,6.4,340,1733,4,20,1431,1,847,-6,43,1422,67,3.9,1018.3,1028.9,847,1025.6,1510,1027.5,10.7,3.9,1400,1.35,8.12,,,1.8,1,,5.5,.6,1.8,-7.2,,,,,,,,,,,,,
156,2012-02-11,-1.7,-5.9,748,4.4,1510,,,,,,,6.8,360,1732,4.4,50,856,2.2,1924,-12.4,20,1448,47.4,2.4,1020.9,1031.8,2331,1027.9,1521,1030.2,10.8,10.2,1200,2.1,13.74,,,,,,0,0,1.5,-7.5,,,,,,,,,,,,,
156,2012-02-12,1.6,-6,738,8.6,1603,,,,,,,7.6,70,1138,5.1,50,1141,1.5,1315,-9.3,20,1606,47.1,3.1,1020.9,1033.7,907,1027.3,1558,1030.1,10.8,8.3,1200,2.04,11.99,,,,,,4.5,1.6,2.5,-8.5,,,,,,,,,,,,,
156,2012-02-13,3.7,2.6,436,4.7,1723,4.83,,,,,0,6.4,50,1540,4.9,50,1600,1.5,1295,-3.4,38,51,61.5,4.9,1014.4,1027.3,1,1021.7,1735,1023.4,10.8,0,1500,.34,1.75,,,,,,9.9,5.5,2.9,1.4,,,,,,,,,,,,,
156,2012-02-14,4.6,2.1,2220,9.5,1559,9.25,,,,,7,6,50,1100,3.7,50,1104,1.6,1348,1.2,52,1649,79.5,6.7,1011.6,1022.1,2348,1018.4,1447,1020.5,10.9,2.9,1400,1.3,4.96,,,,,,8,3.5,6.2,-.3,,,,,,,,,,,,,
156,2012-02-15,2.8,.3,2158,7.4,1303,,,,,,,9.1,50,835,6.2,20,857,2.4,2049,-8.1,18,1509,48,3.5,1013.2,1023.9,2306,1020.2,1630,1022.3,10.9,7.3,1200,1.89,10.66,,,,,,7.1,1.5,3.9,-2,,,,,,,,,,,,,
156,2012-02-16,1.2,-2.4,723,5.7,1446,.2,,,,,0,9.4,20,1047,6,20,1033,3,2619,-11.9,17,1503,40,2.6,1014.9,1025.7,845,1021.9,1557,1024.1,10.9,9.8,1200,2.09,13.68,,,,,,4.3,1.9,3.6,-5,,,,,,,,,,,,,
156,2012-02-17,-2.6,-4.8,2352,1.1,1452,8.4,,,,,.8,10.2,360,1435,6.1,20,1439,2.7,2304,-8.6,34,1405,66,3.3,1016.2,1027.8,2304,1023.9,1419,1025.5,11,9.6,1300,1.82,10.51,1,655,1,655,1.6,6.5,5.9,2.3,-6.1,,,,,,,,,,,,,
156,2012-02-18,-4.3,-6.7,542,-.7,1437,2.83,,,,,.1,12.9,20,1506,7.5,20,1502,2.8,2435,-10.4,29,1553,64.4,2.8,1018.9,1029.8,957,1026.9,418,1028.2,11,9.8,1400,2,11.91,.2,250,.8,250,.2,4.8,4.8,1.4,-9.2,,,,,,,,,,,,,
156,2012-02-19,-2.5,-7.1,628,2.6,1327,5.08,,,,,.1,7.1,20,1129,4.1,20,1136,2,1759,-9.3,39,1741,61.4,3,1019.5,1029.7,2300,1027.4,1524,1028.8,11.1,10.4,1200,2.23,12.55,.2,255,.2,255,.2,2.8,2.8,1,-10.3,,,,,,,,,,,,,
156,2012-02-20,.1,-7.4,734,7.7,1551,,,,,,,5.1,320,1813,2.6,270,1633,1,892,-10.3,19,1434,50.4,2.8,1018.6,1030.2,256,1025,1650,1027.8,11.1,9.6,1200,2.18,13.73,,,,,,2.1,0,2,-9.5,,,,,,,,,,,,,
156,2012-02-21,.8,-2.4,411,4.7,1202,5.67,,,,,.5,6.1,50,1433,4.4,50,1518,1.4,1243,-4.7,31,1232,70.6,4.5,1014.5,1026.9,1,1021.7,2347,1023.6,11.1,.2,1100,.56,2.64,,,,,,8.3,5.6,.5,-6.5,,,,,,,,,,,,,
156,2012-02-22,6.5,-.8,323,13,1427,,,,,,,5.8,50,921,3.8,50,918,1.8,1547,1.8,51,1537,74.5,7,1007.6,1022,38,1011.7,2331,1016.5,11.2,5.1,1200,2.09,9.55,,,,,,8,4,5.1,-3.4,,,,,,,,,,,,,
156,2012-02-23,6.2,2.6,2315,9.5,1500,,,,,,,8.6,20,1106,5,20,1118,1.8,1558,1.1,47,1501,70.6,6.6,1005.8,1018.8,2206,1010.7,354,1014.6,11.2,7.4,1200,2,11.56,,,,,,7.6,3.3,7.9,1.6,,,,,,,,,,,,,
156,2012-02-24,6.4,.4,628,13.2,1435,2.9,,,,,.5,5.7,230,2040,4.1,200,2047,1.4,1210,.7,41,1436,70.4,6.5,1008.8,1020.3,924,1015.1,1826,1017.7,11.2,5.8,1200,1.91,10.26,,,,,,7.4,2,5.9,-3.1,,,,,,,,,,,,,
156,2012-02-25,2,-.6,2312,4.9,1104,3.75,,,,,1,7.7,20,1502,4.8,360,1358,2.3,1955,-1.9,64,1051,75.3,5.4,1009.7,1022.6,2257,1016.4,533,1018.8,11.3,1.2,1000,1.18,6.16,,,,,,8.5,4.6,4,-2.6,,,,,,,,,,,,,
156,2012-02-26,.2,-2.7,2348,4.9,1527,,,,,,,7.5,290,1940,4.4,50,1103,2.4,2052,-8.2,30,1647,54.9,3.3,1014.1,1026,2356,1021.4,1358,1023.3,11.3,3.8,1400,1.54,8.18,,,,,,4.6,.4,3.3,-5.8,,,,,,,,,,,,,
156,2012-02-27,1.4,-5,504,9.3,1546,,,,,,,8.6,20,1444,5.5,20,1454,2.4,2093,-11.4,17,1528,41.6,2.6,1016.4,1028.1,843,1022.8,1545,1025.6,11.3,10.6,1200,2.29,15.67,,,,,,.6,0,3.5,-8.4,,,,,,,,,,,,,
156,2012-02-28,3.7,-.7,504,7.3,1540,.82,,,,,0,7.8,50,1159,6.4,50,1428,2.7,2344,-5.7,34,1539,52.3,4.1,1014.1,1025.8,1,1021.2,1444,1023.1,11.4,0,1100,.7,3.89,,,,,,7.4,2.6,2,-4.2,,,,,,,,,,,,,
156,2012-02-29,6,-.9,649,14.9,1620,,,,,,,7.3,270,1701,3.5,50,22,1.2,1068,-2,27,1657,60.1,5.3,1013.2,1024.8,1030,1019.4,1557,1022.2,11.4,10.3,1200,2.27,14.63,,,,,,2.6,0,6,-5.2,,,,,,,,,,,,,
156,2012-03-01,8.8,2.4,712,16,1625,,,,,,,5.7,250,1953,3.8,200,2010,1.3,1093,-1.2,30,1639,51,5.6,1009.4,1022,1,1014.6,1747,1018.2,11.4,5.2,1100,1.65,10.56,,,,,,7.3,2.5,8.4,-1.6,,,,,,,,,,,,,
156,2012-03-02,6.4,5,351,8.3,1,13.17,,,,,1.5,5,50,459,3.4,50,506,1.2,1060,3.2,54,3,80.5,7.7,1009.1,1021.8,2234,1015.1,512,1018,11.5,0,1300,.48,2.52,,,,,,9.8,5.9,6.8,4.2,,,,,,,,,,,,,
156,2012-03-03,9.5,5.1,739,15.1,1356,,,,,,,8.5,160,1852,4.8,160,1835,1.8,1554,2.3,38,1358,63.1,7.3,1014.6,1025.2,2358,1021.8,1,1023.4,11.5,5.7,1100,1.87,10.34,,,,,,7.6,6.6,9.3,3.5,,,,,,,,,,,,,
156,2012-03-04,7.3,5.4,405,11.9,1333,11,,,,,6.5,9.2,50,1317,6.8,50,336,4.4,3842,3.5,55,1056,78.3,7.9,1010.9,1025.2,1,1015.3,2358,1019.8,11.6,0,1000,.79,4.31,,,,,,9.5,5.8,7.5,4.1,,,,,,,,,,,,,
156,2012-03-05,6.7,5,349,8.2,1305,24,,,,,19.5,9.5,70,232,6.8,50,227,2.9,2541,6.1,94,858,96,9.4,1001.8,1015.3,1,1007.6,2033,1010.6,11.6,0,1000,.38,1.94,,,,,,10,6.5,7.8,5.2,,,,,,,,,,,,,
156,2012-03-06,5.8,2.6,2326,8.5,1534,4.67,,,,,1.5,8.9,270,757,5.8,250,943,2.7,2290,2.2,54,1730,79.1,7.3,1005.6,1019.6,2359,1009,102,1014.5,11.6,3.4,1400,1.04,4.98,,,,,,8,5.6,7.2,0,,,,,,,,,,,,,
156,2012-03-07,5.1,1.2,409,10.6,1500,,,,,,,10,50,857,6.9,50,913,2.1,1836,-.9,39,1530,66.5,5.8,1009.6,1020.5,546,1016.5,352,1018.6,11.7,4,1200,1.81,9.93,,,,,,6.6,3.3,7,-1.2,,,,,,,,,,,,,
156,2012-03-08,4.9,1.2,2327,11.5,1409,,,,,,,8.2,20,618,5.8,20,619,3.1,2673,-5.3,20,1558,51.3,4.2,1011.7,1022,2228,1019.1,1430,1020.7,11.7,6.7,1200,1.71,11.54,,,,,,7.1,0,6.2,-.9,,,,,,,,,,,,,
156,2012-03-09,4,-.4,544,12.3,1451,,,,,,,6.6,70,158,4.5,50,153,2,1728,-5.3,28,1417,52.4,4.1,1011.3,1021.8,913,1017.9,1441,1020.3,11.7,9.6,1200,2.26,14.97,,,,,,3.8,0,6.9,-2.9,,,,,,,,,,,,,
156,2012-03-10,4,-.2,722,11,1429,,,,,,,7.8,290,1621,3.6,270,1411,1.6,1388,-3.7,25,1727,60.9,4.8,1012.2,1023.1,2314,1019.1,1435,1021.2,11.8,10.2,1200,2.25,15.22,,,,,,3.3,2.4,6.6,-2.3,,,,,,,,,,,,,
156,2012-03-11,.1,-2.4,2227,2.4,1344,1.92,,,,,0,11.9,20,1532,7.2,20,1537,2.9,2509,-8.6,28,1553,53.9,3.3,1015.8,1027.5,2323,1022.6,546,1025,11.8,10,1300,2.22,12.27,,,,,,5.4,5.4,3.3,-3.7,,,,,,,,,,,,,
156,2012-03-12,.5,-2.6,552,5.5,1346,,,,,,,8.9,20,243,5.1,20,612,2.8,2461,-11,24,1515,44.4,2.7,1019.1,1029.4,830,1026.4,1711,1028.3,11.8,10.9,1200,2.46,17.43,,,,,,1.1,1,3.9,-5.2,,,,,,,,,,,,,
156,2012-03-13,2.6,-3.5,638,10.8,1600,,,,,,,7.4,270,1415,3.9,250,1507,1.3,1129,-6.1,25,1539,55.3,3.9,1018.3,1029.5,111,1024.9,1609,1027.5,11.9,10.9,1200,2.37,16.75,,,,,,0,0,4.8,-6.9,,,,,,,,,,,,,
156,2012-03-14,5.4,-2,605,13.5,1440,,,,,,,7.3,250,1647,4.5,200,1416,1.4,1251,-1.4,35,1448,64,5.6,1017.9,1028.2,844,1024.7,1442,1026.9,11.9,9.2,1200,2.28,14.8,,,,,,2,1.3,6.2,-5.4,,,,,,,,,,,,,
156,2012-03-15,9.3,2.4,642,16.7,1605,,,,,,,11.1,160,2242,6.3,160,2248,2.7,2305,-3.2,12,1515,49.1,5.1,1017.9,1029.9,926,1024,1603,1026.8,12,9.4,1200,2.48,16.44,,,,,,4.5,2.8,12,-1,,,,,,,,,,,,,
156,2012-03-16,8.7,7,1103,12.3,2245,9.83,,,,,3,10.2,70,1120,6.2,50,1100,2.3,1965,5.1,47,27,79.6,9,1007.3,1025,43,1009.2,2158,1016.1,12,0,1000,.2,1.31,,,,,,9.9,6,7.8,5.6,,,,,,,,,,,,,
156,2012-03-17,9,7.3,828,10.6,1,5.8,,,,,1,8.7,250,317,5,230,320,2,1716,8.2,88,1633,94.6,10.8,1002.9,1013.4,2032,1008.8,57,1011.6,12,0,1300,.6,2.71,,,,,,10,6.5,10,7.2,,,,,,,,,,,,,
156,2012-03-18,6.1,1.5,2340,10.3,1202,1.42,,,,,.1,9,340,1244,4.3,250,1128,1.9,1630,3.7,72,1205,84.9,8.1,1007.1,1021.3,2357,1011.1,219,1016,12.1,2.5,1100,1.7,8.31,,,,,,7.3,5.9,8.6,-1.1,,,,,,,,,,,,,
156,2012-03-19,4.2,.2,335,11.2,1526,,,,,,,8.2,290,1638,3.1,340,1617,1.5,1286,-2.9,27,1555,62.5,5,1011.8,1022.7,616,1018.1,1556,1020.8,12.1,8.5,1300,2.26,14.27,,,,,,2.9,.4,7.4,-2.6,,,,,,,,,,,,,
156,2012-03-20,4.4,-1,635,10.8,1426,,,,,,,10.6,360,1150,7.4,50,1156,2.7,2337,-9.4,17,1153,37.9,3,1012.3,1024.7,2328,1019.2,1421,1021.3,12.1,10.9,1300,2.55,17.3,,,,,,2.1,0,6.4,-4.7,,,,,,,,,,,,,
156,2012-03-21,6.3,-.6,635,14.7,1452,,,,,,,6.5,20,56,4.2,20,35,1.8,1559,-5.3,23,1307,45.8,4.2,1015,1026.6,856,1020.9,1710,1024,12.2,10.8,1200,3.01,20.74,,,,,,1.3,0,8.9,-5,,,,,,,,,,,,,
156,2012-03-22,4.8,2.4,351,6,1412,15.43,,,,,21,10.6,50,848,7.1,50,852,2.5,2150,2,52,15,83.6,7.3,1010.7,1024.5,131,1012.8,2351,1019.7,12.2,0,1100,.47,2.42,,,,,,9.5,5.3,4.4,-1.4,,,,,,,,,,,,,
156,2012-03-23,6.4,3.9,2355,8.2,1300,14.35,,,,,15.5,9.7,270,2120,5.3,50,27,2.3,2017,5.5,73,2229,94.9,9.1,1000.3,1013.2,6,1006.5,1505,1009.2,12.3,0,1100,.21,1.33,,,,,,10,7,7.3,3.5,,,,,,,,,,,,,
156,2012-03-24,5.4,2.8,2356,9.3,1624,4.45,,,,,.5,10.9,20,1053,5.3,290,1512,3.1,2701,-3.1,28,1247,56.9,5,1006.1,1019.2,2322,1010.4,357,1015,12.3,8,1200,3.16,19.59,,,,,,4.5,3.5,7.7,.4,,,,,,,,,,,,,
156,2012-03-25,5,2.2,2356,9.5,1429,,,,,,,11.2,320,1153,4.8,270,1542,2.5,2140,-7.2,23,1243,43.1,3.6,1012.1,1023.3,2251,1019.1,2,1021,12.3,11.4,1300,2.92,22.02,,,,,,.8,.8,7.1,-1.1,,,,,,,,,,,,,
156,2012-03-26,5.2,-.2,639,11.8,1542,,,,,,,7.7,320,1335,5,20,1130,1.6,1396,-6.6,19,1659,44.8,3.8,1016.2,1026.9,958,1023.3,1,1025.3,12.4,11.4,1200,3.07,22.68,,,,,,0,0,7.2,-3.8,,,,,,,,,,,,,
156,2012-03-27,9,-.3,627,18.1,1428,,,,,,,10.7,200,1503,6.2,250,1722,2.4,2093,-.9,18,1420,55.3,6.1,1015.9,1027,937,1021.7,1607,1024.8,12.4,10.8,1200,3.05,21.35,,,,,,2,2,10,-3.4,,,,,,,,,,,,,
156,2012-03-28,13,8.3,643,20.2,1535,,,,,,,7.5,270,1343,3.6,250,25,1.5,1339,1.8,18,1544,52,7.2,1016.6,1026.6,843,1023.8,1603,1025.3,12.4,10.5,1200,2.83,20.75,,,,,,2.6,2.6,13.4,4,,,,,,,,,,,,,
156,2012-03-29,14,5.8,559,20.5,1336,.42,,,,,.3,10.8,230,1344,7.5,200,1358,2.9,2464,7,38,1226,64.1,10.4,1014.1,1026.7,220,1019,2358,1022.8,12.5,7.2,1200,2.61,16.16,,,,,,4.8,3.3,12.9,1.6,,,,,,,,,,,,,
156,2012-03-30,12.1,6.5,2354,15.3,15,17.3,,,,,30,11.1,230,423,6.5,230,449,2.7,2306,10,53,2359,87.9,12.8,1007,1019.2,30,1012.8,1427,1015.7,12.5,0,1300,.37,1.83,,,,,,10,6.1,12.9,5.1,,,,,,,,,,,,,
156,2012-03-31,7.1,2.7,2313,13,1401,,,,,,,16,270,1536,8.8,250,1544,3.3,2820,-3.7,23,1458,48.6,4.8,1009.4,1022.1,2358,1015.4,1612,1018.3,12.5,10.9,1200,2.81,20.94,,,,,,1,.5,9.3,1.1,,,,,,,,,,,,,
156,2012-04-01,7,.8,603,14.3,1602,,,,,,,9.6,360,1059,7,20,1108,2.4,2105,-6.2,18,1454,41.3,4,1014.4,1025.7,946,1022.1,1,1023.4,12.6,11.3,1200,3.01,22.25,,,,,,0,0,9.2,-2.8,,,,,,,,,,,,,
156,2012-04-02,12,3.8,507,18.4,1254,3.03,.5,2232,.5,2148,.5,15.4,160,1343,8.6,180,1346,3.5,3050,5.5,38,1131,66.1,9.6,1007.2,1023.4,1,1007,2400,1015.9,12.6,7.6,1200,2.73,16.37,,,,,,5.6,4,11.3,.1,,,,,,,,,,,,,
156,2012-04-03,7.5,4,1000,15.5,155,9.73,2,257,5.5,213,19.5,18.7,270,1220,10.1,250,645,4.4,3799,.4,31,1520,64.4,7.3,1000.1,1019,2333,995.1,534,1008.9,12.6,6.3,1300,2.95,12.96,,,,,,5.6,4.6,10.3,1.4,,,,,,,,,,,,,
156,2012-04-04,9.3,1.3,511,17,1416,,,,,,,16.7,270,1526,9.5,250,1354,4.1,3515,.8,31,1425,57,6.6,1006.3,1018.7,1,1011.8,1533,1015.1,12.7,10.9,1200,2.95,21.25,,,,,,1.1,.8,9.5,-2.4,,,,,,,,,,,,,
156,2012-04-05,9.1,4,2337,16.6,1443,,,,,,,9.7,250,1428,5.4,250,1309,1.9,1626,-2.6,16,1352,49.3,5.3,1005.4,1018.9,2346,1011.5,1439,1014.2,12.7,11.1,1200,3.02,22.04,,,,,,.6,.1,11.6,.1,,,,,,,,,,,,,
156,2012-04-06,7.1,1.6,623,13.8,1301,,,,,,,11.6,250,1200,7.3,250,1202,2.3,1983,-5.4,23,1236,42.1,4.2,1010.5,1022.9,2354,1017.2,1528,1019.4,12.8,11.6,1200,3.15,23.05,,,,,,.3,.3,10.8,-2.2,,,,,,,,,,,,,
156,2012-04-07,9,1.6,610,16.7,1508,,,,,,,7.3,250,1423,4.6,250,1819,1.7,1499,-5,19.5,1616,39.5,4.2,1014.2,1025,1016,1021.5,1631,1023.1,12.8,11.6,1200,3.12,23.29,,,,,,0,0,12.2,-2.5,,,,,,,,,,,,,
156,2012-04-08,14.2,5.1,621,22.6,1400,,,,,,,12.3,250,1321,7.9,200,1731,3.4,2928,3.3,25,1651,50.8,8,1012.8,1023.3,101,1019.3,1640,1021.5,12.8,10.9,1200,3.1,22.85,,,,,,1.8,1.5,15.7,1.3,,,,,,,,,,,,,
156,2012-04-09,17.2,14,2359,23.5,1449,,,,,,,9.2,180,42,5.8,200,457,3.6,3085,11.3,46,1507,70,13.4,1012.2,1022.2,2359,1018.7,1518,1020.8,12.9,5.4,1200,2.53,14.43,,,,,,6.8,4.1,17.9,12.3,,,,,,,,,,,,,
156,2012-04-10,14.7,13.1,538,17.2,1230,7.6,1,847,2,821,3,11.3,180,1454,6.3,180,1459,2.5,2129,11.3,56,1204,81.3,13.4,1006.8,1022.4,19,1008.7,2318,1015.4,12.9,0,1100,1.02,3.81,,,,,,9.6,5.1,13.4,10.2,,,,,,,,,,,,,
156,2012-04-11,12,5.9,2354,16.4,1603,5.72,1,259,2.5,209,3.5,9.4,270,1718,6.2,250,1725,1.8,1557,9.4,64,1701,85.1,12.3,998.8,1012.5,2348,1003.7,736,1007.4,12.9,4.5,1300,2.21,10.32,,,,,,5.9,4,15,3.8,,,,,,,,,,,,,
156,2012-04-12,10.4,3.2,443,18.2,1517,,,,,,,6.4,290,1507,3.1,270,1440,1.5,1318,-.2,24,1307,51.8,6.1,1003.9,1014.6,730,1010.3,1651,1012.7,13,11.2,1200,3.09,23.33,,,,,,3.8,1.3,14.7,-.5,,,,,,,,,,,,,
156,2012-04-13,10.4,7.5,710,13.1,1345,7.58,.5,727,.5,637,1,8.2,70,354,6,50,333,2,1734,3.1,30,419,62.5,8,1004.4,1014,748,1011.9,1306,1013.1,13,.5,1000,1.44,5.93,,,,,,10,5,10.9,5.9,,,,,,,,,,,,,
156,2012-04-14,14.2,7.3,559,22.2,1637,,,,,,,5.8,320,1656,3.9,50,720,1.7,1491,4.5,27,1638,56.1,8.4,1005.7,1015.9,1020,1012,1623,1014.3,13,11.2,1200,3.21,23.9,,,,,,3.8,1.4,18.7,4.3,,,,,,,,,,,,,
156,2012-04-15,16.1,9.2,607,25,1345,,,,,,,8.2,250,1810,5.3,250,1811,1.6,1356,4.4,20,1312,51.4,8.5,1004.2,1014.7,23,1009.5,1512,1012.8,13.1,9.6,1200,3.26,23.76,,,,,,4.3,0,20.4,7.2,,,,,,,,,,,,,
156,2012-04-16,14.4,9,511,23.7,1339,,,,,,,8.2,290,1701,4.7,250,1359,1.4,1233,5,25,1511,56.3,8.8,1004.7,1015,2225,1010.7,1616,1013.3,13.1,11.4,1200,3.16,23.11,,,,,,.8,0,19.2,4.4,,,,,,,,,,,,,
156,2012-04-17,13.1,5.3,638,21.5,1615,,,,,,,7,230,1724,5.2,200,1947,1.8,1577,1.7,18,1421,50.9,7,1007.1,1018.5,2306,1012.7,1659,1015.8,13.2,12.2,1200,3.12,24.56,,,,,,.1,.1,18.6,2.3,,,,,,,,,,,,,
156,2012-04-18,16,8.5,610,24,1432,,,,,,,8.6,180,1838,5,160,1816,1.8,1560,3,22,1526,45.5,7.7,1008.9,1019.4,2325,1014.9,1619,1017.5,13.2,9.9,1100,2.87,19.76,,,,,,6.1,0,19.8,5,,,,,,,,,,,,,
156,2012-04-19,13.5,11.5,2301,16.1,1245,12.83,.5,1655,1,1644,3.5,7.7,70,1754,5,50,1809,1.9,1674,7.4,44,1038,69.3,10.5,1010.8,1020.6,2251,1018.2,519,1019.5,13.2,0,1100,1.01,5.8,,,,,,9.9,5.3,14.8,8.3,,,,,,,,,,,,,
156,2012-04-20,16.5,11.8,1,20.5,1636,.42,.5,15,.5,,.5,10.1,90,1109,6.4,50,2044,3.8,3305,10.4,54,1639,68.5,12.6,1010.1,1020.7,922,1016.5,2357,1018.7,13.3,2.6,1100,2.57,11.77,,,,,,9.8,6.9,17.1,11.2,,,,,,,,,,,,,
156,2012-04-21,15.5,13.4,524,17.5,1602,19.52,1.5,821,5,749,29.5,14.6,200,1617,6.5,50,346,3.9,3345,12.6,61,1,83.3,14.6,998.1,1016.4,1,1001.2,2129,1006.6,13.3,0,1100,.44,2.59,,,,,,10,6.6,14.7,12.7,,,,,,,,,,,,,
156,2012-04-22,11,9.5,607,15.3,1705,3.08,.5,1,.5,1,1.5,11.1,230,143,7,200,147,3.4,2944,8.8,65,1706,87.3,11.3,1000.7,1012.5,2122,1002.3,12,1009.4,13.3,2,1600,1.15,6.43,,,,,,6.5,4.5,13,6.4,,,,,,,,,,,,,
156,2012-04-23,17,9.2,136,25.3,1514,,,,,,,9.6,230,1544,6.6,200,1300,2,1747,10.2,37,1607,67.8,12.5,1005.2,1015.4,2144,1011.7,1615,1013.7,13.4,9.1,1200,3.01,20.8,,,,,,3.1,3.1,17.4,6,,,,,,,,,,,,,
156,2012-04-24,20,11.9,550,28.5,1248,,,,,,,9.7,160,2317,5.9,200,1407,2,1735,9.6,26,1319,55,12,1004.2,1015.6,808,1010.5,2338,1012.6,13.4,10.1,1100,2.93,20.9,,,,,,4.9,.8,19.1,8,,,,,,,,,,,,,
156,2012-04-25,15.7,9.8,2309,20.2,1,18.12,2,932,5.5,849,19.5,11.7,160,224,7,160,234,2.8,2398,13.3,47,1,86.8,15.5,993.2,1010.5,1,996.4,1542,1001.7,13.4,0,1100,.27,2.17,,,,,,10,6.8,16.3,10,,,,,,,,,,,,,
156,2012-04-26,12.9,8.4,542,18.2,1402,1.5,.5,56,.5,20,.5,10.2,20,1038,6.1,20,1107,2.2,1868,1.5,24,1553,50.9,7,1001.6,1013.9,2346,1004.7,1,1010.2,13.5,12.6,1200,3.42,27.32,,,,,,1.5,1,16.8,4.8,,,,,,,,,,,,,
156,2012-04-27,15.9,6.5,526,25.8,1334,,,,,,,11.3,200,1537,6.1,180,1540,2.2,1942,-1.2,14,1403,37,5.7,1004.7,1014.8,725,1010.8,1521,1013.2,13.5,12.4,1200,3.34,26.37,,,,,,0,0,16.2,2.8,,,,,,,,,,,,,
156,2012-04-28,18.7,9.5,600,27.9,1415,,,,,,,8.7,230,1516,5.5,250,1556,2.1,1806,4.6,15,1145,43.4,8.6,1006.9,1017.5,2325,1013.8,1441,1015.4,13.5,12.1,1200,3.37,26.31,,,,,,.8,0,18.5,5.1,,,,,,,,,,,,,
156,2012-04-29,17.6,13.5,451,20.6,1335,,,,,,,7.8,160,1446,5,180,1440,1.8,1559,12,56,1,70.1,14.2,1006.1,1017.3,14,1012.7,2000,1014.6,13.6,0,1200,.83,6.56,,,,,,9.3,3.3,16.4,9.5,,,,,,,,,,,,,
156,2012-04-30,19.9,15.5,621,25.4,1506,,,,,,,13.1,50,1158,7.9,70,1206,3.5,3031,12.2,45,1508,62.5,14.2,1001.9,1012.8,1,1007.6,1606,1010.3,13.6,7.8,1400,3.23,19.17,,,,,,7.4,5.8,21.6,12.7,,,,,,,,,,,,,
156,2012-05-01,17.6,15.2,401,21.5,1229,11.05,2,1731,5.5,1649,20.5,7.1,50,1312,5.1,50,1957,2.3,1962,15.1,66,1226,86.3,17.2,999.8,1010.7,8,1006.4,2344,1008.3,13.6,0,1200,.63,3.67,,,,,,9.8,7.1,17.7,12.8,,,,,,,,,,,,,
156,2012-05-02,19.8,16.3,112,26.9,1416,5.33,2,1755,2.5,1705,4.5,6.7,50,658,6.2,50,309,1.8,1559,16.5,50,1343,83,18.8,996.5,1006.6,5,1003.5,1457,1004.9,13.7,3.6,1200,3.1,14.66,,,,,,6.5,5.5,20.4,14.7,,,,,,,,,,,,,
156,2012-05-03,18.9,14.2,528,24.8,1441,,,,,,,8.1,290,1622,3.8,250,1145,1.9,1660,13.1,44,1344,72,15.2,996.1,1006.7,2358,1001.8,1557,1004.4,13.7,11.6,1200,3.18,24.51,,,,,,.6,.6,21.6,12.2,,,,,,,,,,,,,
156,2012-05-04,20.2,13.2,551,27.6,1335,,,,,,,7.9,270,1537,3.3,360,1455,1.4,1172,11.6,35,1424,61.4,13.6,999.7,1009.5,2357,1006.6,57,1008.1,13.7,12.4,1200,3.23,25.96,,,,,,.1,0,23.1,10.6,,,,,,,,,,,,,
156,2012-05-05,19.3,13.5,556,27.8,1518,2.53,.5,1938,.5,1918,1,10.4,230,1735,6.5,230,1736,2.2,1889,10.2,23,1513,60.5,12.6,999.4,1009.6,704,1004.8,1853,1007.8,13.7,9.9,1200,3.03,21.64,,,,,,3.8,3,21.8,10.8,,,,,,,,,,,,,
156,2012-05-06,19.6,12.4,508,27.3,1456,,,,,,,8.6,230,1504,5.2,250,1509,2.4,2045,7,15,1612,50.5,10.3,999.4,1010.6,751,1006,1742,1007.8,13.8,11.5,1200,3.29,24.95,,,,,,.5,.4,22.9,9.9,,,,,,,,,,,,,
156,2012-05-07,21.3,15.8,256,28.9,1626,,,,,,,6.7,250,1559,4.1,250,1719,1.8,1542,11.6,21,1636,57.4,13.8,999.1,1008.5,938,1006.3,1621,1007.4,13.8,8.5,1200,2.94,22.15,,,,,,4,1.3,24.8,14,,,,,,,,,,,,,
156,2012-05-08,21.4,16.7,559,30.1,1331,,,,,,,10.9,200,1737,7.1,230,1746,2.5,2203,13.5,20,1316,63,15.7,999.4,1011.6,2359,1004.8,1620,1007.7,13.8,10,1200,3.1,22.31,,,,,,5,1.6,26.3,14.5,,,,,,,,,,,,,
156,2012-05-09,21.4,15.9,2357,30,1525,,,,,,,8,20,1732,4.4,20,1740,1.9,1656,12.2,21,1621,60.1,14.4,1003.9,1015,2344,1009.6,1642,1012.3,13.9,10.7,1200,3.11,23.64,,,,,,2.3,2.3,26.7,14.1,,,,,,,,,,,,,
156,2012-05-10,19.5,14.3,518,26.9,1520,,,,,,,7.2,250,1556,4.7,250,1644,1.7,1511,13.8,47,1429,71.4,15.9,1006.7,1016.8,2344,1013,1611,1015.1,13.9,10.2,1200,2.9,22.02,,,,,,3.4,2.4,25.1,12.2,,,,,,,,,,,,,
156,2012-05-11,17.5,15.1,2353,21.7,1525,,,,,,,8.7,200,1750,4.9,200,1907,2,1689,12,54,1528,70.6,14,1007.7,1017.3,2302,1014.6,1653,1016.3,13.9,1.3,1200,1.64,9.74,,,,,,7.8,7.8,21.6,15,,,,,,,,,,,,,
156,2012-05-12,17.6,13.4,531,23.4,1344,,,,,,,7.2,230,1423,4.1,180,2111,2.1,1825,9.6,40,1345,60.9,11.9,1006.3,1017,1,1012.2,1748,1014.8,13.9,10.1,1200,3.02,22.86,,,,,,4.3,2,25.3,12.5,,,,,,,,,,,,,
156,2012-05-13,17.1,13.5,509,20.1,1400,.87,0,,0,,0,4.9,180,1403,3,180,1409,1.2,1046,9.7,40,1312,62.6,12,1004.2,1014.4,9,1011.3,1709,1012.7,14,.5,1300,.88,7.08,,,,,,8.9,2.6,19.9,12.2,,,,,,,,,,,,,
156,2012-05-14,16.9,16,859,18,1217,15.42,1,1500,4,1440,14.5,5.6,50,2002,4,50,2030,2,1721,14.9,63,147,89,17.1,1000.4,1013.1,4,1006.5,2127,1008.9,14,0,1300,.57,3.85,,,,,,9.9,6,18.3,15.3,,,,,,,,,,,,,
156,2012-05-15,18.4,14.4,2400,23.5,1618,1.88,.5,37,.5,25,.5,6.4,290,1148,3.7,200,2356,1.6,1383,12,29,1540,70,14.3,998.8,1009.5,2220,1005.7,1528,1007.2,14,10.1,1300,3.29,23.8,,,,,,6.1,3.6,23.1,12.7,,,,,,,,,,,,,
156,2012-05-16,17.9,12.9,312,24.6,1542,1.42,.5,233,1.5,230,1.5,7.5,250,2239,5.4,200,1824,2.1,1814,12.5,32,1533,73,14.6,997.1,1009.5,226,1002.2,1734,1005.5,14,6.7,1200,3.27,18.43,,,,,,6.3,4,20.9,12.4,,,,,,,,,,,,,
156,2012-05-17,17.4,12.4,2359,23.1,1208,,,,,,,10.2,270,1250,5.6,250,1258,2.3,2016,9.1,32,1215,62.3,11.7,997.4,1011.4,2354,1002.8,432,1005.8,14.1,12.6,1300,3.1,25.61,,,,,,1.9,.8,23,10.7,,,,,,,,,,,,,
156,2012-05-18,18.3,10.4,528,26.7,1510,,,,,,,6.3,250,1718,3.9,250,1735,1.7,1439,9.5,27,1630,61.1,11.9,1006.1,1016.9,2229,1011.4,1,1014.6,14.1,12.5,1200,3.26,26.57,,,,,,1.5,0,24.4,7.9,,,,,,,,,,,,,
156,2012-05-19,19.3,13.8,515,25.4,1648,,,,,,,5.9,230,1516,4,200,1850,1.1,939,8.7,30,1532,52.9,11.3,1007.5,1016.9,1051,1014.4,1655,1016,14.1,2.5,1300,1.83,14.4,,,,,,7.6,0,21.7,10.9,,,,,,,,,,,,,
156,2012-05-20,20,13.8,526,28,1458,,,,,,,7.9,270,1621,4.2,250,1753,1.5,1269,9,30,1342,52.5,11.6,1006.2,1016.4,128,1011.4,1602,1014.6,14.1,12,1200,3.2,24.46,,,,,,2.9,.8,25.1,10.5,,,,,,,,,,,,,
156,2012-05-21,21.5,14.1,531,28.4,1306,,,,,,,7.8,50,914,5.9,50,921,1.7,1428,9.7,23,1207,51.5,12.2,1007.6,1017.6,2242,1013.9,1746,1016,14.2,11.1,1200,3.37,22.63,,,,,,1.1,1.1,24.8,10.7,,,,,,,,,,,,,
156,2012-05-22,21.7,14.9,556,28.7,1330,,,,,,,8.3,250,1652,4.6,250,1656,1.5,1337,10.7,29,1612,53,12.9,1006.4,1017.4,1,1012.3,1632,1014.8,14.2,10.2,1200,3.3,22.18,,,,,,3.1,.5,25.9,11.6,,,,,,,,,,,,,
156,2012-05-23,22.4,16.8,514,29.9,1501,,,,,,,7.1,230,1527,3.9,250,1521,1.3,1155,10.5,27,1505,50,12.8,1004.4,1014.2,39,1010.5,1611,1012.7,14.2,9.4,1200,3.1,23.31,,,,,,5.4,1.5,27.6,14.6,,,,,,,,,,,,,
156,2012-05-24,21,17.3,617,25.4,1242,.83,0,,0,,0,6.5,200,1227,4.2,200,1234,1.3,1101,11.2,37,1134,54.6,13.3,1003,1012.7,1,1010.1,1558,1011.4,14.2,1.7,1100,1.67,12.26,,,,,,9,4.3,24.1,15.2,,,,,,,,,,,,,
156,2012-05-25,21,17.2,557,27.7,1257,,,,,,,6.9,340,1632,3,50,1225,1.4,1226,11.2,29,1551,55,13.3,1002,1011.9,2305,1008.3,1517,1010.3,14.3,7.6,1200,3.03,20.56,,,,,,7.5,2.1,26.2,15,,,,,,,,,,,,,
156,2012-05-26,21.6,14.9,559,29.5,1526,,,,,,,5.9,290,1900,3.1,20,1155,1.3,1123,6.2,17,1529,42.4,9.8,1002.6,1012.3,2357,1008.6,1722,1010.9,14.3,12.6,1300,3.11,25.01,,,,,,2.9,0,27.8,11.7,,,,,,,,,,,,,
156,2012-05-27,21.9,14.5,532,29.5,1522,,,,,,,6.2,250,1608,3.7,230,1200,1.4,1184,8.2,17,1437,45,11,1004.8,1014.7,2302,1011.6,1519,1013.1,14.3,12.7,1200,3.25,26.93,,,,,,.1,0,28.7,10.6,,,,,,,,,,,,,
156,2012-05-28,23.2,16.5,538,30.2,1447,,,,,,,8,250,1546,4.2,250,1547,1.3,1140,10.7,26,1926,48.9,13.1,1008.6,1018.8,2307,1014.5,1,1016.9,14.3,11.4,1100,2.69,21.72,,,,,,1.4,1.4,28.1,13.5,,,,,,,,,,,,,
156,2012-05-29,23.6,16.2,550,31.6,1532,,,,,,,6.6,270,1603,3.8,20,1652,1.3,1159,9,14,1328,44,11.7,1009.6,1020.2,727,1015.7,1646,1017.9,14.3,11.2,1200,3.13,24.57,,,,,,2.8,0,29.2,12.8,,,,,,,,,,,,,
156,2012-05-30,21.7,19.7,2338,26.4,1532,1.17,.1,,.1,,.1,11.9,70,1212,8.4,50,1215,2.7,2308,14,49,1534,62.3,16.1,1009.5,1019.5,1153,1016.4,1511,1017.9,14.3,4.1,1300,2.79,14.01,,,,,,9.1,3.5,28.4,18.4,,,,,,,,,,,,,
156,2012-05-31,22.3,17.3,438,28.1,1501,,,,,,,7,20,1521,4.3,20,1527,2,1752,13.8,39,1520,60.6,15.8,1008.6,1019.2,751,1014,1704,1017,14.4,6.9,1100,2.39,17.98,,,,,,5.9,4.6,29.1,14.5,,,,,,,,,,,,,
156,2012-06-01,22.1,16.5,534,28.6,1438,,,,,,,6.3,320,1733,3.5,200,4,1.2,1031,13.3,32,1439,60.1,15.3,1007.1,1017.6,652,1013.4,1553,1015.5,14.4,6.6,1300,2.58,18.99,,,,,,7,0,27.9,13.9,,,,,,,,,,,,,
156,2012-06-02,20.9,17.9,2350,29.1,1237,1.83,3,1516,3.5,1438,3.5,15.4,200,1525,8.2,200,1532,1.7,1462,14.5,40,1238,68.3,16.6,1005.3,1015.3,153,1011.6,1419,1013.6,14.4,3.4,1200,2.92,13.63,,,,,,7.1,3.8,24.9,15.5,,,,,,,,,,,,,
156,2012-06-03,22.5,15.6,431,30.3,1511,,,,,,,7.4,270,1757,4.5,250,1802,1.5,1270,10.7,30,1512,52.3,13.2,1003.9,1014.2,909,1009.2,1630,1012.3,14.4,10.9,1200,3.33,25.63,,,,,,2.5,1.1,27.8,12.9,,,,,,,,,,,,,
156,2012-06-04,22.7,17.9,533,27.9,1303,,,,,,,7.5,230,1442,5.1,200,1451,2,1705,14.1,41,1,59.3,16.2,1003,1013.2,1015,1009.6,1654,1011.3,14.4,3.5,1100,2.33,13.8,,,,,,7.8,4.1,25.2,14.8,,,,,,,,,,,,,
156,2012-06-05,23.8,19.9,2325,29.6,1506,,,,,,,7.4,360,1613,3.3,20,1317,1.3,1129,16.3,42,1429,64.3,18.5,999.4,1010.7,1,1004.9,1638,1007.7,14.4,10.8,1300,3.06,24.11,,,,,,4.4,3.1,31.2,17.9,,,,,,,,,,,,,
156,2012-06-06,22.5,19,245,27.3,1115,,,,,,,7.4,250,1420,4.5,250,1428,1.5,1260,17,51,1116,71.9,19.3,997.4,1006.9,25,1004.2,1645,1005.7,14.4,4.1,1000,2.33,14.98,,,,,,7.8,4,27.6,16.5,,,,,,,,,,,,,
156,2012-06-07,23.8,19.1,511,30.9,1556,,,,,,,10.9,230,1904,6.9,200,1849,2,1756,16,34,1557,64.4,18.2,997.1,1006.7,1004,1003.1,1716,1005.3,14.5,7.2,1300,3.21,21.18,,,,,,6.6,4.9,31.3,17,,,,,,,,,,,,,
156,2012-06-08,21,19.4,1536,23,1735,2.08,2,1526,2.5,1436,2.5,5.7,50,1003,3.8,50,1005,1.6,1344,17.1,68,224,79,19.6,993.4,1005.5,1,998.5,1703,1001.7,14.5,1.1,1700,.93,4.92,,,,,,9.5,6.9,23.5,18.6,,,,,,,,,,,,,
156,2012-06-09,23.6,19.1,531,30.2,1529,.5,.1,,.1,,.1,7.6,180,1954,5.3,200,1942,2,1747,17.2,40,1510,69.5,19.6,993.4,1003.2,2359,999.9,1557,1001.6,14.5,7.1,1300,2.79,19,,,,,,7.5,6.5,28.7,18.1,,,,,,,,,,,,,
156,2012-06-10,24,18.3,537,31.4,1544,,,,,,,8,270,1844,4.9,200,1733,2,1741,16.2,36,1545,63.5,18.4,993.8,1003.4,539,999.7,1613,1002,14.5,9.7,1000,2.92,21.06,,,,,,4.1,2.3,30.7,15.7,,,,,,,,,,,,,
156,2012-06-11,23.1,19.4,548,27.6,1358,,,,,,,7.6,200,2112,5,200,2115,1.8,1554,16.7,50,1401,68.1,18.9,992.6,1002.7,1,998.6,1737,1000.8,14.5,1.6,1300,1.89,13.5,,,,,,8,1.9,27.6,17.1,,,,,,,,,,,,,
156,2012-06-12,23.6,19.4,526,30.7,1339,1,7,1632,12,1610,12,8.2,230,1619,5.1,200,1839,1.9,1599,17,38,1340,68.6,19.4,992.4,1003.8,2344,997.9,1353,1000.6,14.5,6.6,1100,2.86,17.96,,,,,,6.5,4.6,28.8,16.9,,,,,,,,,,,,,
156,2012-06-13,23.1,19.9,2350,30.6,1440,2,8.5,1716,32.5,1716,32.5,12.6,20,1720,7.4,20,1724,2,1697,17.7,43,1442,73.9,20.2,998.7,1010.4,2321,1003.8,1,1006.9,14.5,7.1,1400,3.01,18.36,,,,,,5.6,5.3,26.6,18.1,,,,,,,,,,,,,
156,2012-06-14,23.7,18.7,449,29.9,1549,,,,,,,8.5,200,1349,5.2,180,1510,1.8,1518,16.4,41,1551,65.8,18.6,1003.1,1012.9,2318,1010,203,1011.4,14.5,11.4,1200,3.21,23.66,,,,,,2.4,1,25.1,16.9,,,,,,,,,,,,,
156,2012-06-15,21.5,19.9,518,23.7,1734,3.42,.2,1520,.3,1430,.4,10.5,50,1107,5.9,50,1059,2.4,2061,16.8,65,1214,74.9,19.1,1000.5,1012.7,10,1005.4,1654,1008.8,14.5,.7,1700,.8,6.22,,,,,,7.5,4.1,21.9,17.6,,,,,,,,,,,,,
156,2012-06-16,23.1,18.1,554,29.9,1442,,,,,,,8,340,1550,3,290,1559,1.3,1112,16.7,40,1431,69.5,19,999.1,1010.2,2249,1005.1,1517,1007.3,14.5,11.2,1000,2.65,21.49,,,,,,4.9,2,24.7,16,,,,,,,,,,,,,
156,2012-06-17,23.4,19,459,29.2,1259,,,,,,,5.8,270,1752,3.8,250,1754,1.3,1151,17.3,40,1526,70.8,19.8,1002.8,1012.2,845,1009.6,1548,1011.1,14.5,7.1,1200,2.98,19.94,,,,,,6.4,.8,25.1,16.6,,,,,,,,,,,,,
156,2012-06-18,21.4,19.2,2330,25.3,1224,8.75,1,1536,4,1525,7,7.6,50,2341,5.7,50,2347,1.5,1313,18.1,58,1227,82.9,20.8,999.8,1011.8,1,1003.5,2349,1008.2,14.5,0,1200,1.1,6.35,,,,,,9.9,4.9,22.6,19.1,,,,,,,,,,,,,
156,2012-06-19,24.2,18.8,444,31.4,1509,4.58,.5,25,2,233,3,8,70,1159,4.8,20,854,2.5,2158,17.8,39,1630,70.3,20.4,992,1003.9,20,996.3,1539,1000.1,14.5,9.3,1200,3.33,22.54,,,,,,5.8,3.4,27,18.7,,,,,,,,,,,,,
156,2012-06-20,24.2,20.5,510,29.4,1440,,,,,,,9.9,200,1459,6.3,230,1539,2.6,2269,18.6,54,1443,71.8,21.5,997,1008,2342,1002.1,36,1005.2,14.5,6.6,1200,2.42,17.44,,,,,,7,5.6,26.9,19.2,,,,,,,,,,,,,
156,2012-06-21,25.2,20.2,504,31.8,1556,1.08,2.5,1843,5.5,1840,5.5,8,180,1830,5.3,50,905,2.2,1888,18.5,40,1619,69.1,21.3,998.1,1008.1,2351,1003.5,1643,1006.3,14.5,10.9,1200,3.1,24.81,,,,,,3.5,1.3,29.6,18.4,,,,,,,,,,,,,
156,2012-06-22,25,20.1,438,31.1,1400,,,,,,,8.3,230,1715,5.5,230,1620,2,1758,17.1,29,1426,64.8,19.6,1001.6,1011.2,2219,1008.1,1,1009.8,14.5,9.2,1200,3.17,23.46,,,,,,4.8,.9,27.4,18.9,,,,,,,,,,,,,
156,2012-06-23,25,20.3,527,30.6,1357,,,,,,,9.5,200,1416,5.8,180,1417,1.9,1639,16.9,45,1434,62.3,19.3,999.4,1010.9,6,1005.9,2343,1007.7,14.5,8,1300,2.72,20.56,,,,,,6.1,2.3,28.5,17.9,,,,,,,,,,,,,
156,2012-06-24,24.5,22,351,28.6,1714,.8,.1,,.1,,.1,8.1,50,1344,4.8,70,1429,2.2,1887,17,50,1336,63.5,19.4,996.3,1006.4,2346,1003.1,1532,1004.5,14.5,.8,1300,2.07,9.96,,,,,,8.9,4.4,25.5,19.8,,,,,,,,,,,,,
156,2012-06-25,25.1,19.8,501,31.7,1514,,,,,,,9.3,70,1756,6.5,50,1751,3.8,3250,13.6,30,1343,50.3,15.6,999.2,1009.9,2240,1005.7,235,1007.4,14.5,11.8,1100,3.04,22.81,,,,,,5,1.4,30,17.2,,,,,,,,,,,,,
156,2012-06-26,22.8,18.5,506,28.1,1155,,,,,,,8.4,50,1025,6.3,50,1029,4,3455,14.6,45,1156,60.6,16.7,1002.1,1011.3,2107,1009.4,1250,1010.3,14.5,4.8,1100,3.15,14.53,,,,,,6.9,4,24.8,16.1,,,,,,,,,,,,,
156,2012-06-27,23.5,19.7,433,29.1,1232,,,,,,,9.2,50,517,6.5,50,524,3.9,3362,16.6,51,1238,66,18.9,1002.9,1013,2338,1010.3,402,1011.2,14.5,4.3,1100,1.97,13.77,,,,,,7.5,6.8,25.9,18.3,,,,,,,,,,,,,
156,2012-06-28,24.9,18.9,435,31.2,1335,,,,,,,8,200,1950,5.8,200,1916,2.6,2259,17,40,1338,63.8,19.4,1003.6,1013.5,554,1009.8,1722,1011.8,14.5,6.6,1100,3,18.59,,,,,,6.6,5.6,29.2,16.5,,,,,,,,,,,,,
156,2012-06-29,23.1,21.2,537,29.1,1201,8.67,1,2330,2,2002,5.5,9.2,180,1118,6.3,180,1305,2.1,1814,19.1,47,1115,79.9,22.1,1001.5,1012.6,1,1007.6,2351,1009.8,14.5,2.3,1100,2.58,12.64,,,,,,9.4,4.9,24.8,19.7,,,,,,,,,,,,,
156,2012-06-30,24,21.6,2348,26,1034,11.33,1.5,1829,5,1754,11,15.5,230,1053,9.5,200,1055,4.9,4266,22.2,83,1015,89.6,26.8,996.5,1007.6,1,1002.4,1720,1004.7,14.5,0,1300,.41,3.03,,,,,,9.8,7,24.3,21.4,,,,,,,,,,,,,
156,2012-07-01,23,20.6,424,27.2,1339,.33,0,,0,,0,6.6,230,1627,4.7,230,1635,1.6,1340,19.3,59,1402,80.6,22.4,997.8,1007.5,825,1004.6,1717,1006.1,14.5,1.5,1300,2.07,12.72,,,,,,9.1,5.8,24.7,19.7,,,,,,,,,,,,,
156,2012-07-02,24.1,20.5,455,28.5,1536,.42,0,,0,,0,6.8,250,1824,4.7,230,1819,1.9,1682,19.2,55,1524,75.4,22.3,995.3,1006.5,11,1000.1,1955,1003.5,14.5,3.6,1000,2.45,15.64,,,,,,9.1,5.3,24.7,19.4,,,,,,,,,,,,,
156,2012-07-03,24.7,22,602,29.7,1433,.25,0,,,,0,10.7,200,1554,6.2,230,1542,2.9,2532,20.7,55,1340,79,24.4,993.3,1003.2,2328,1000.2,430,1001.4,14.5,5.9,1100,2.33,15.77,,,,,,8.5,6,27.3,21.5,,,,,,,,,,,,,
156,2012-07-04,24.7,22.6,216,28.5,1536,.58,0,,0,,0,7.6,200,1645,4.8,200,1647,2.5,2200,21.2,69,1542,81.4,25.2,997,1007.1,2345,1003,1,1005.1,14.5,1,1500,1.42,7.88,,,,,,9.9,6,26,21.8,,,,,,,,,,,,,
156,2012-07-05,24.5,22,755,28.9,1437,12.37,16,740,37.5,713,51,7.3,270,742,4.3,180,1450,1.6,1362,22.8,72,1435,91.3,27.8,998.1,1009.3,743,1004.8,2358,1006.3,14.4,.8,1400,2.38,5.99,,,,,,10,6.6,26,22,,,,,,,,,,,,,
156,2012-07-06,23.9,22,2238,25.7,524,10.08,12.5,845,16.5,817,23.5,13.1,200,359,8.5,200,655,4.9,4197,22.1,83,525,90.3,26.6,992.4,1004.9,1,998.1,1800,1000.5,14.4,0,1000,.38,1.78,,,,,,10,6.9,24,21.4,,,,,,,,,,,,,
156,2012-07-07,24.5,20.5,436,30.5,1620,,,,,,,8.5,200,2030,6.2,200,2045,2.2,1877,19.4,47,1610,74.9,22.5,995.5,1006,2313,1000.5,1,1003.7,14.4,8,1300,2.64,20.04,,,,,,7.6,6.1,26.5,20.1,,,,,,,,,,,,,
156,2012-07-08,25.3,21.2,542,31.8,1625,,,,,,,10.5,250,1728,5.6,250,1734,1.5,1255,19.6,45,1626,71.9,22.8,998.3,1007.7,2255,1004.8,1726,1006.5,14.4,9.7,1400,2.9,21.61,,,,,,4.4,4.3,28.1,19.8,,,,,,,,,,,,,
156,2012-07-09,26,21.3,422,31,1440,,,,,,,6.3,200,1524,3.7,200,1633,1.5,1274,20.1,45,1835,71.9,23.6,998.2,1007.7,1017,1004.8,1815,1006.4,14.4,5.5,1100,2.11,16.12,,,,,,6.3,.8,26.8,20.2,,,,,,,,,,,,,
156,2012-07-10,23.7,21,1540,27.8,1008,5.43,5,1527,12.5,1511,18,9.4,180,2237,5.2,180,2139,2,1714,19.6,49,1038,79,22.9,994.9,1006.5,1,999.2,2400,1003.1,14.4,.5,1000,1.71,8.89,,,,,,9.5,5,24.1,19.6,,,,,,,,,,,,,
156,2012-07-11,24.5,23.3,2352,25.8,1634,13.08,6.5,1445,22.5,1418,67.5,9.9,200,634,5.8,200,636,3.1,2651,23.2,86,1925,93.3,28.5,989.4,1000.4,2353,996.1,445,997.5,14.4,0,1600,.77,2.75,,,,,,9.3,6.6,24.3,22.1,,,,,,,,,,,,,
156,2012-07-12,26,22.1,546,30.2,1342,.78,3,2100,3.5,2058,3.5,5.4,200,946,3.7,230,954,1.6,1402,22.5,65,1344,82.1,27.3,992.7,1002,1006,999.9,143,1000.8,14.4,1.3,1100,1.77,11.42,,,,,,9.3,3.9,26.9,21.4,,,,,,,,,,,,,
156,2012-07-13,26.9,23.1,604,31.7,1532,1.25,0,,0,,0,8.7,270,1234,5.7,200,1323,2.4,2085,22.9,63,1456,79.8,27.9,992.4,1001.8,848,998.8,1707,1000.5,14.3,3.2,1400,2.03,13.49,,,,,,9.6,6.1,28.5,22.5,,,,,,,,,,,,,
156,2012-07-14,24.6,23.2,2356,26.6,1020,13.17,15,2343,53.5,2322,67.5,8.5,360,2350,4.2,360,2350,1.4,1170,22.8,79,1023,90.3,27.7,993,1002.3,1115,999,2325,1001.2,14.3,0,1100,.63,4.37,,,,,,10,6.6,25.9,23.1,,,,,,,,,,,,,
156,2012-07-15,24.7,22.5,2250,27.6,1243,7.92,18.5,6,32,1,44,9.7,230,1129,6.6,200,1204,3,2584,22.1,76,1316,86,26.7,994,1006.4,2351,998.8,335,1002.1,14.3,1.4,1200,2.01,7.07,,,,,,9.9,7.1,25.3,21.8,,,,,,,,,,,,,
156,2012-07-16,24.5,21.6,243,28.2,1535,3.42,.1,,.1,,.1,5.6,50,1030,3.6,50,918,1.6,1348,20.2,62,1217,77.8,23.8,1001.3,1011.9,2150,1006.3,4,1009.5,14.3,.8,1100,2.06,12.03,,,,,,9.8,5.1,25.9,21,,,,,,,,,,,,,
156,2012-07-17,23.9,22.2,557,26.1,1719,11.75,1.5,1223,4,1133,14.5,6.3,70,1735,4.2,50,1712,2.1,1772,22.2,81,1,90.8,26.8,1003.1,1013.1,926,1010.2,2359,1011.3,14.3,.1,1600,.69,4.19,,,,,,9.6,5.8,24.7,22.1,,,,,,,,,,,,,
156,2012-07-18,26.6,23.9,159,30,1008,8.25,3,2259,11,2259,18.5,14,140,2347,6.4,50,1911,3.2,2748,23,68,1011,81.5,28.1,998,1010.6,126,998.4,2359,1006.1,14.3,2.6,800,1.48,9.8,,,,,,9.1,6.3,27.5,23.2,,,,,,,,,,,,,
156,2012-07-19,26.4,23.7,604,30.6,1443,7.37,6.5,28,14.5,1,20.5,18.3,200,444,12.4,200,432,4.3,3745,22.9,66,1444,81.8,27.9,998,1008.9,2319,996.7,138,1006.2,14.2,3,1400,2.22,11.38,,,,,,9.1,6.6,27.6,23.5,,,,,,,,,,,,,
156,2012-07-20,26.8,23.7,437,32.2,1549,7.42,.5,226,1,815,2,7,250,1910,3.4,250,1918,1.2,1025,22.8,53,1604,80.4,27.8,1001.3,1010.5,914,1007.9,1750,1009.4,14.2,5,1200,1.97,14.12,,,,,,7,6.3,28.3,23.7,,,,,,,,,,,,,
156,2012-07-21,27.8,23.8,451,33.5,1457,.17,0,,0,,0,7.2,200,1718,4.9,180,1726,1.7,1435,22.7,46,1617,75.5,27.6,1002,1011.2,815,1008.7,1727,1010.2,14.2,7.1,1200,2.94,18.68,,,,,,6.1,5.9,30,22.7,,,,,,,,,,,,,
156,2012-07-22,28.2,25.3,550,32.8,1509,,,,,,,7.9,160,1116,5.2,160,1246,3.1,2687,22.6,54,1512,72.9,27.5,1001.3,1010.6,1,1008.1,1742,1009.5,14.2,11.4,1200,2.72,21.85,,,,,,5.5,5.3,29.6,24.1,,,,,,,,,,,,,
156,2012-07-23,28.6,26.1,244,32.8,1310,,,,,,,8.6,200,952,5.6,200,1246,3.2,2736,22.6,56,1312,70.8,27.5,1002.4,1012.7,2257,1009.1,1721,1010.5,14.1,6.5,1200,2.62,17.24,,,,,,7.3,4.1,29.5,24.6,,,,,,,,,,,,,
156,2012-07-24,28.9,24,451,33.7,1319,.5,0,,0,,0,7.4,200,1725,4.2,200,1730,1.4,1220,22.2,49,1205,68.3,26.8,1005.5,1014.7,2250,1012.1,33,1013.7,14.1,8.9,1100,3.15,18.37,,,,,,5.3,4.1,31.4,22,,,,,,,,,,,,,
156,2012-07-25,29.1,24.9,501,34.3,1457,,,,,,,5.4,290,1835,2.6,290,1840,1.2,1051,22.4,47,1313,68.9,27.1,1005.6,1015.8,717,1011.7,1700,1013.7,14.1,9.7,1100,2.78,21.56,,,,,,3.3,2.6,37,23.1,,,,,,,,,,,,,
156,2012-07-26,29,24.7,435,34.1,1438,,,,,,,6.2,230,1431,3.5,250,2007,1.5,1328,22.3,44,1439,68.8,27,1002.7,1013,641,1008.8,1748,1010.8,14.1,11.2,1200,2.88,22.2,,,,,,4.1,3,35.1,22.7,,,,,,,,,,,,,
156,2012-07-27,28.6,24.8,529,34.5,1539,,,,,,,8.2,250,1845,5.7,250,1851,1.5,1330,23.1,49,1531,73.1,28.2,1001.9,1011.1,742,1008.3,1826,1010.1,14,7.4,1200,2.79,17.7,,,,,,6.1,5.8,33.2,23.1,,,,,,,,,,,,,
156,2012-07-28,29.6,25.4,422,35.2,1409,,,,,,,6.9,250,1841,4,250,1836,1.4,1211,23.2,47,1704,70,28.4,1002.3,1012,747,1008.5,1746,1010.4,14,11.7,1400,3.07,24.39,,,,,,4,3.9,39.9,23.3,,,,,,,,,,,,,
156,2012-07-29,29.7,26.3,539,34.6,1435,,,,,,,8.8,270,1722,5.6,250,1728,3.1,2647,23.5,50,1352,70.8,28.9,999.8,1009.8,1,1006,1653,1007.9,14,12.8,1100,2.89,22.54,,,,,,4.3,4.3,37,25,,,,,,,,,,,,,
156,2012-07-30,29.8,25.6,509,35,1357,,,,,,,9.4,230,1735,5.6,230,1828,2.6,2236,22.5,48,1358,66.1,27.2,998.9,1008.5,1033,1005,1606,1007,14,10.3,1400,2.81,21.51,,,,,,4.4,3.8,38.2,23.5,,,,,,,,,,,,,
156,2012-07-31,29.8,25.4,607,35,1640,,,,,,,5.6,270,1750,3.5,20,1450,1.3,1142,22.8,42,1641,67.6,27.9,999.2,1008.2,1,1005.8,1609,1007.3,13.9,9.3,1100,2.87,17.18,,,,,,1.9,1.8,34.1,23.4,,,,,,,,,,,,,
156,2012-08-01,31,25.6,531,36.7,1557,,,,,,,9.2,50,1523,5.6,50,1908,2.8,2381,21.7,36,1644,60.3,26.1,997.9,1007.7,1,1003.8,1724,1005.9,13.9,12.8,1200,3.31,25.87,,,,,,1.8,.9,39.5,23,,,,,,,,,,,,,
156,2012-08-02,29.8,26.4,516,34.1,1607,,,,,,,10.3,90,747,5.9,50,12,3.5,3058,21.5,49,1630,61.4,25.6,999.4,1009.8,2255,1004.8,436,1007.5,13.9,4.1,1500,2.01,12.41,,,,,,5.3,3.5,34.7,23.6,,,,,,,,,,,,,
156,2012-08-03,30.7,27.6,447,35.7,1421,,,,,,,9.6,160,1054,5.5,160,1057,3,2571,21.2,42,1402,57.9,25.1,1002,1011.3,2106,1008.7,1454,1010.1,13.9,13.1,1100,3.11,24.42,,,,,,2.6,2.1,39,24.5,,,,,,,,,,,,,
156,2012-08-04,30.7,25.5,610,36.8,1607,,,,,,,7.3,70,1200,4.2,50,1317,2.3,1950,21.2,36,1658,58.3,25.1,1001.3,1011.3,3,1007.8,1713,1009.4,13.8,12.2,1200,3.38,22.96,,,,,,1.1,1.1,37.7,22.7,,,,,,,,,,,,,
156,2012-08-05,31.4,25.7,558,37.7,1429,,,,,,,7.8,50,1309,5.7,50,749,2.5,2121,21.5,36,1520,57.6,25.7,998.3,1009.3,8,1003.9,1723,1006.4,13.8,12.9,1200,3.26,23.89,,,,,,2.8,2.1,39.1,22.9,,,,,,,,,,,,,
156,2012-08-06,29.5,24.5,2102,36.1,1056,1.97,21.5,2045,47,2017,47.5,8.7,50,2044,5.2,230,1713,2,1699,23,45,1137,70.5,28.2,997.8,1007.8,2228,1004,1551,1005.9,13.8,8.3,1000,2.93,16.41,,,,,,5.3,5.3,34.3,24.1,,,,,,,,,,,,,
156,2012-08-07,29,24.6,548,34.1,1704,,,,,,,6.9,180,1837,4.7,50,944,1.9,1679,23.3,50,1612,72.9,28.6,999.1,1008.3,918,1005.7,1703,1007.2,13.7,8.6,1100,3.05,18.74,,,,,,4.5,2.9,30.9,24,,,,,,,,,,,,,
156,2012-08-08,28.3,23.1,616,33.4,1341,,,,,,,6.5,50,1134,4.4,200,1935,2.3,2003,20.2,45,1445,62.4,23.6,999,1008.4,753,1005,1729,1007.1,13.7,10.5,1200,2.86,20.65,,,,,,7.5,1.5,30.1,21.8,,,,,,,,,,,,,
156,2012-08-09,28.2,25.5,430,33,1439,2.83,.5,2054,1,2043,1,6.7,200,1803,4.2,230,1942,1.5,1289,22.4,54,1203,71.8,27.1,998.5,1007.5,1,1004.8,1711,1006.6,13.7,3.3,1100,2.6,14.47,,,,,,9.1,5.9,30.1,24.5,,,,,,,,,,,,,
156,2012-08-10,25.6,23.5,1425,28.6,943,5.83,4,1407,7.5,1349,9.5,5.4,20,1335,3.5,20,1341,1,863,22.9,74,1224,85.3,27.8,998.1,1007.8,2259,1004.6,1800,1006.2,13.7,1,900,.78,6.26,,,,,,9.5,5.8,27.1,23.8,,,,,,,,,,,,,
156,2012-08-11,28.3,23.3,523,34,1506,,,,,,,7.4,200,1720,5.1,200,1746,1.7,1490,22.4,51,1510,71.9,27.1,998.7,1007.8,1,1005.2,1702,1006.8,13.6,9.2,1300,2.77,20.61,,,,,,6.1,5.5,31,23.2,,,,,,,,,,,,,
156,2012-08-12,28.5,24.5,353,32.6,1517,2.5,5,336,15.5,329,21,11.7,250,1450,7.5,230,1541,3.4,2898,23.8,58,1311,77,29.6,996.6,1007.3,6,1002.9,1549,1004.7,13.6,8.5,1300,2.75,18.14,,,,,,8.3,6.1,30.1,24.5,,,,,,,,,,,,,
156,2012-08-13,26.3,25.1,2325,27.4,1,10.58,2,2234,7,941,24,10.5,200,604,6.9,200,48,3.7,3190,24.4,79,1,89.5,30.5,995.7,1006.2,2257,1002.2,626,1003.8,13.5,0,1400,.67,2.83,,,,,,10,6.6,27.1,25.1,,,,,,,,,,,,,
156,2012-08-14,27.1,24.8,508,30.3,1235,,,,,,,8.9,140,1524,5.1,180,1540,2.3,1953,23.2,64,1239,80.5,28.5,999.6,1009.3,2135,1005.3,256,1007.7,13.5,2,1000,1.69,10.76,,,,,,9.5,7.3,28,24.5,,,,,,,,,,,,,
156,2012-08-15,28.1,26.4,248,30.6,1146,.83,.5,1456,.5,1440,.5,15.7,250,1431,10.1,230,1346,4.9,4210,23.3,66,1152,75.9,28.6,999.4,1008.9,7,1005.6,1702,1007.6,13.5,2.6,900,1.35,11.05,,,,,,9.6,6.1,27.8,24.9,,,,,,,,,,,,,
156,2012-08-16,26.2,24.3,543,30.3,1813,11.13,9.5,141,22.5,129,47,10,180,203,6.2,20,145,1.8,1541,23.6,65,1812,86.4,29.2,1003.1,1012.8,2330,1008.2,1,1011.3,13.5,2.9,1200,1.82,9.72,,,,,,8.6,6.3,27.4,24.2,,,,,,,,,,,,,
156,2012-08-17,29.3,24.4,550,34.8,1353,.1,0,,0,,0,8.3,200,1423,5.4,200,1342,2.2,1894,23.9,54,1309,74,29.6,1003.8,1013,642,1010.3,1752,1011.9,13.4,10.7,1100,3.07,21.36,,,,,,5.9,5.5,30.8,23.9,,,,,,,,,,,,,
156,2012-08-18,29.4,26.7,517,33.1,1636,.83,.2,,.2,,.3,8.3,250,1111,5.1,230,1121,2.8,2404,24.2,59,1647,74.4,30.3,1003.1,1012.3,102,1009.4,1714,1011.2,13.4,7.9,1200,2.41,16.16,,,,,,6,4.5,30.3,25.6,,,,,,,,,,,,,
156,2012-08-19,29.1,26.5,518,33.1,1508,.25,0,,0,,0,8.7,230,1343,5.3,200,1048,3.1,2667,23.9,58,1508,74.4,29.6,1001.2,1011.4,15,1007.4,1743,1009.3,13.4,7.9,1400,2.21,15.68,,,,,,7,5.3,30.7,24.8,,,,,,,,,,,,,
156,2012-08-20,27.9,26.6,425,29.6,1156,3,.1,,.1,,.2,7,160,1814,4.3,160,1828,2.7,2375,23.6,73,1336,78.1,29.2,1000.9,1010.2,2147,1008.1,1814,1009,13.3,0,1100,.93,4.83,,,,,,9.6,6.1,27.1,25.2,,,,,,,,,,,,,
156,2012-08-21,28.2,25.7,1602,33.4,1224,1.23,2.5,1622,5,1533,6,9.2,250,1327,5.1,180,1331,2.6,2261,23.2,54,1316,74.8,28.4,1001.7,1010.7,706,1008.7,1442,1009.8,13.3,8.7,1000,2.91,18.34,,,,,,7.8,4.9,28.6,25.1,,,,,,,,,,,,,
156,2012-08-22,24.9,22.7,2019,26.9,814,6.1,6.5,946,19,920,25.5,7.2,250,947,3.6,250,955,1.7,1453,22.6,78,827,87.9,27.5,1002.1,1012.4,2224,1008.9,451,1010.3,13.3,.1,1200,.86,4.8,,,,,,9.4,6.1,26.4,22.8,,,,,,,,,,,,,
156,2012-08-23,23.7,21.9,2223,26.7,1220,14.7,5,136,9,125,16.5,8.7,50,2116,6.6,50,2038,3.2,2766,22.3,86,1242,92.3,26.9,1004.7,1013.8,2119,1011.9,453,1013,13.2,0,1100,1.14,6.49,,,,,,10,6.6,26,22,,,,,,,,,,,,,
156,2012-08-24,23.4,21.5,256,26.2,2338,19.58,4.5,1144,14,1142,63.5,8.8,50,59,6.5,50,209,3,2554,21.7,75,2358,90.6,26,1004.7,1014.4,2205,1011.5,502,1012.9,13.2,0,1500,.3,2.38,,,,,,10,6.1,24,21.7,,,,,,,,,,,,,
156,2012-08-25,28.2,24.4,523,33.2,1432,,,,,,,6.9,180,1327,4.1,200,1334,1.7,1454,22.5,47,1433,72.3,27.2,1005.6,1015.3,853,1012.2,1802,1013.8,13.2,6.4,1300,2.54,17.66,,,,,,7.6,3.9,29.2,23.5,,,,,,,,,,,,,
156,2012-08-26,28.7,23.4,526,34,1343,,,,,,,8.3,20,1247,5.5,50,830,2.8,2444,21.4,45,1411,66.5,25.5,1002.7,1013.8,1,1008.4,1652,1010.8,13.1,12,1100,3.13,21.92,,,,,,2.5,1.3,29.1,22,,,,,,,,,,,,,
156,2012-08-27,27.6,24.5,442,31.2,1308,1.17,.5,2252,1.5,2250,1.5,13.7,70,1853,8.4,70,2311,4.4,3759,21,56,2105,68.3,24.9,997.3,1010,2,999.4,2345,1005.4,13.1,.5,1200,1.88,10.51,,,,,,8.3,4.5,27.1,22.4,,,,,,,,,,,,,
156,2012-08-28,24.3,22.6,1940,26,1258,18.75,3.5,450,15.5,656,88.5,25,90,916,14.6,160,921,9.2,7935,21.9,75,1309,86.6,26.2,985.7,1006.8,2400,982.7,823,993.8,13.1,.8,1200,1.45,5.45,,,,,,10,6.8,24.2,22.4,,,,,,,,,,,,,
156,2012-08-29,26,23.6,127,30.9,1401,5.92,1,2021,2,1938,3.5,9.9,230,34,6.9,200,37,2.8,2430,22.5,63,1402,82.1,27.2,1002.2,1012.1,2014,1006.8,1,1010.3,13,3.2,1200,2.62,12.79,,,,,,9.6,5.3,27.1,22.2,,,,,,,,,,,,,
156,2012-08-30,22.3,20.3,2307,24.6,331,10.5,11,1142,43.5,1055,117.5,16.7,20,1552,11.9,20,1048,4.1,3547,19.8,70,1616,86.3,23.3,997.3,1011.5,2400,995.7,1051,1005.6,13,.7,1400,1.56,4.67,,,,,,9.8,6.9,24.4,19,,,,,,,,,,,,,
156,2012-08-31,23.8,18.8,500,29.7,1542,,,,,,,9.2,360,943,5,20,1514,1.9,1625,16.6,40,1524,66.3,19,1005.1,1015,2333,1011.4,4,1013.4,13,11.8,1200,3.1,23.77,,,,,,1.4,1.4,26.5,17.1,,,,,,,,,,,,,
156,2012-09-01,24.1,19.1,614,29.6,1412,,,,,,,5.9,270,1632,3.2,20,458,1.4,1203,18.8,50,1440,73.6,21.7,1005.4,1015.3,825,1011.5,1558,1013.7,12.9,10,1100,2.9,20.08,,,,,,4.3,2.9,26.7,17.6,,,,,,,,,,,,,
156,2012-09-02,25,22.2,500,29.2,1302,,,,,,,7.5,230,1636,4.5,200,1641,1.3,1107,19.7,52,1250,73.6,23,1004.5,1014.3,1,1011.2,1627,1012.7,12.9,5.1,1200,2.93,12.75,,,,,,6.3,6.3,26.8,20.8,,,,,,,,,,,,,
156,2012-09-03,25,20.9,511,31.4,1509,,,,,,,8.9,180,1543,5.8,200,1712,2.2,1902,19.4,42,1522,73.1,22.5,1004,1013.8,2138,1010.3,1446,1012.2,12.9,9.5,1400,2.18,15.98,,,,,,3.5,3.5,27.1,19.4,,,,,,,,,,,,,
156,2012-09-04,24.6,21.6,336,29.4,1554,5.33,7.5,2213,25,2129,34,10.3,230,1537,6.8,200,2008,2.8,2392,21.4,67,1555,83,25.6,1005.7,1016.1,2238,1012.5,1437,1013.9,12.8,3.2,1200,1.82,9.56,,,,,,9,6.8,25,19.2,,,,,,,,,,,,,
156,2012-09-05,22.9,19.1,2342,28.6,1424,5.83,4,45,12,20,14.5,6.1,250,38,3.7,250,45,1.7,1432,18.1,45,1453,76.3,20.9,1009.8,1020.1,2344,1015.8,8,1018.2,12.8,8.4,1300,3.25,18.29,,,,,,5.3,4.6,26.3,17.5,,,,,,,,,,,,,
156,2012-09-06,22.5,16.9,613,28.3,1403,,,,,,,8.6,50,1008,5.9,50,1050,2.8,2441,14,31,1338,61.1,16,1010.5,1020.1,918,1017.5,1630,1018.9,12.7,11.6,1200,3.07,22.99,,,,,,.9,.9,26,15.8,,,,,,,,,,,,,
156,2012-09-07,23.1,17.6,553,28.9,1147,4.87,5,2206,12,2139,25.5,18.1,230,2219,12,200,2227,2.3,1968,18.2,55,1148,75.5,21,1008.4,1019.4,1,1013.6,2056,1016.7,12.7,6.2,1000,2.7,15.18,,,,,,6,3.9,24.8,15.9,,,,,,,,,,,,,
156,2012-09-08,22.6,19.1,111,27.9,1457,3.25,11.5,7,41,-2337,46.5,11.7,200,106,7.9,200,108,2,1726,18.1,50,1447,77.5,20.8,1005.8,1015.6,52,1013,1612,1014.1,12.7,8,1400,2.35,15.63,,,,,,7.8,3.9,25.9,19.4,,,,,,,,,,,,,
156,2012-09-09,19.5,17.9,612,21.1,1158,11.95,2,546,4,505,14,6.1,70,904,4.6,50,906,2.3,1944,17.4,77,14,88.5,19.9,1005.7,1015.6,14,1013,1551,1014.1,12.6,0,1000,.65,4.15,,,,,,10,6.5,21.9,18,,,,,,,,,,,,,
156,2012-09-10,22.8,17.4,605,28.8,1615,3.67,.5,1,1.5,-2331,2.5,7,200,1950,4,50,1051,2.1,1799,16.9,40,1529,72.3,19.3,1005.3,1015.1,2149,1011.6,1458,1013.6,12.6,10.7,1200,3.22,21.63,,,,,,4,3.1,26.2,16.7,,,,,,,,,,,,,
156,2012-09-11,23.6,18.9,617,28.6,1309,,,,,,,7.9,200,2220,4.4,180,1816,2,1703,17,38,1326,69.1,19.4,1005.3,1015.5,723,1011.4,1612,1013.6,12.6,9.9,1200,2.87,18.99,,,,,,4.8,3.9,25.2,17.1,,,,,,,,,,,,,
156,2012-09-12,23.6,19.5,534,29.3,1327,,,,,,,5.7,270,1447,3.5,50,1843,1.6,1368,17.4,43,1330,69.9,19.9,1002.9,1013.4,4,1009.2,1352,1011.1,12.5,6.6,1200,2.91,15.88,,,,,,7.6,3.9,25.4,17.5,,,,,,,,,,,,,
156,2012-09-13,21.8,19.7,2338,24.7,1239,11.17,2,1243,2.5,1655,8.5,5.3,200,942,3.7,200,945,1.4,1247,19.1,65,938,85.8,22.2,1001.8,1012.4,2239,1008.4,1541,1010.1,12.5,0,1100,.94,3.65,,,,,,10,6.4,23.4,20.3,,,,,,,,,,,,,
156,2012-09-14,19.5,17.4,2301,22,1027,11.92,.5,407,1,1642,2.5,6.3,20,442,3.8,20,449,1.8,1579,16.7,62,1432,84.5,19,1006.1,1017,2358,1011.9,25,1014.6,12.5,.2,1400,1.25,6.48,,,,,,10,6.1,22.7,17.3,,,,,,,,,,,,,
156,2012-09-15,20.5,17.1,215,23.8,1226,,,,,,,7.9,70,934,4.8,50,936,2,1715,16,57,1353,76.6,18.2,1008.5,1018.4,1001,1015.9,252,1016.9,12.4,.9,1100,1.82,10.07,,,,,,9.9,4.9,22.5,16.9,,,,,,,,,,,,,
156,2012-09-16,19.4,18.2,448,21.3,1342,21.25,3,2153,11,2123,55,14.9,50,2114,9.8,50,2123,4.5,3882,18,78,211,91.9,20.6,1003.7,1016.9,12,1005.4,2348,1012.1,12.4,0,1100,.84,3.87,,,,,,10,6.6,21.1,18.1,,,,,,,,,,,,,
156,2012-09-17,18.5,17.3,727,20.2,1446,22.33,4.5,431,10,359,69,17.3,20,941,9.7,20,924,4.7,4102,16.8,79,1502,89.9,19.1,988.4,1005.6,1,987,1128,996.7,12.3,.1,1200,.94,3.73,,,,,,10,7,20,17.1,,,,,,,,,,,,,
156,2012-09-18,20.9,18,28,25.5,1502,,,,,,,8.9,230,1245,5.6,230,1220,2.8,2378,16.1,47,1505,76.1,18.4,997.6,1007.9,2348,1004,55,1005.9,12.3,7.9,1200,2.33,13.86,,,,,,6.8,4.9,22.9,16,,,,,,,,,,,,,
156,2012-09-19,20.1,16.3,633,25.8,1451,,,,,,,7.9,270,1320,4.8,250,1322,2,1765,14.7,34,1353,73.5,16.8,1002.5,1014.5,2359,1007.6,148,1010.8,12.3,9.8,1300,2.8,16.01,,,,,,2.6,2.6,23.2,13,,,,,,,,,,,,,
156,2012-09-20,20.2,16.8,123,25.8,1311,,,,,,,6.7,250,1545,3.4,250,1621,1.2,1043,15.3,47,1431,75.5,17.4,1007.7,1017.7,2309,1014.4,55,1016.1,12.2,8,1100,2.58,14.55,,,,,,4.3,4.3,21.7,13.8,,,,,,,,,,,,,
156,2012-09-21,19.9,15.4,758,26.1,1452,,,,,,,6.9,270,1515,2.7,250,1501,1.2,998,14.5,40,1408,73.6,16.6,1008,1018,648,1014.6,1544,1016.4,12.2,7.1,1200,2.79,16.64,,,,,,5.1,1.6,22.8,13.2,,,,,,,,,,,,,
156,2012-09-22,20.3,15.1,628,26.8,1613,,,,,,,5.3,290,1716,3.1,250,1437,1.1,954,14.1,38,1618,69.8,16.1,1004.9,1015.9,1,1010.9,1555,1013.3,12.2,9.6,1100,2.44,16.79,,,,,,3.6,2.6,22.8,11.8,,,,,,,,,,,,,
156,2012-09-23,20.9,16.1,614,27.4,1339,,,,,,,6.8,50,1448,4.3,20,1452,1.2,998,14.8,35,1441,70.6,16.9,1003.5,1013.1,920,1010,1422,1011.9,12.1,10.8,1200,2.73,18.54,,,,,,.3,.3,22.6,13.4,,,,,,,,,,,,,
156,2012-09-24,21.8,16.4,608,28.4,1353,,,,,,,6.7,50,1313,4.2,50,1318,1.5,1309,14.5,31,1356,66.9,16.6,1006.3,1017.6,2254,1012.8,45,1014.7,12.1,11,1200,2.83,19.48,,,,,,2.4,1.6,24.8,13.1,,,,,,,,,,,,,
156,2012-09-25,21.7,16.1,633,28.4,1516,,,,,,,7.6,70,1522,5.1,50,1659,1.7,1467,12.9,28,1530,60.4,15,1011.4,1022,2220,1017.2,1,1019.8,12,11.1,1200,2.78,19.87,,,,,,.6,.4,25,12.3,,,,,,,,,,,,,
156,2012-09-26,20.4,14.9,647,26.1,1431,,,,,,,5.9,20,1401,4,50,1701,1.7,1432,11.6,29,1347,59.4,13.8,1012.3,1022.7,1001,1018.8,1653,1020.8,12,9.2,1100,2.66,17.45,,,,,,5.1,3.3,23.8,11.3,,,,,,,,,,,,,
156,2012-09-27,20.2,17.2,615,24.8,1113,,,,,,,7.3,50,1216,4.8,20,1218,1.7,1430,13.9,44,1147,68.3,15.9,1009.8,1021,847,1016,1654,1018.2,12,4.9,1000,1.98,10.66,,,,,,6,4.5,21.6,14.3,,,,,,,,,,,,,
156,2012-09-28,20.1,16.6,615,25.6,1553,,,,,,,9.3,250,1539,5.4,250,1647,1.7,1504,14.7,44,1606,72.3,16.7,1005.3,1016.5,1,1011.2,1601,1013.7,11.9,8.9,1200,2.37,14.97,,,,,,6.5,5.6,22.6,12.6,,,,,,,,,,,,,
156,2012-09-29,17.5,15,640,21.9,1111,,,,,,,8.8,340,1232,5.5,20,1241,1.7,1453,11.2,48,1206,67.9,13.3,1004,1013.9,904,1010.8,1627,1012.4,11.9,6.6,1300,2.15,12.7,,,,,,5.5,5.5,19.9,10.6,,,,,,,,,,,,,
156,2012-09-30,17.2,14.3,138,21.5,1526,,,,,,,8.3,50,1156,4.8,20,1321,2,1719,10.8,44,1720,67.4,13,1002.8,1013.1,2310,1009.5,1554,1011.3,11.9,5.8,1100,1.93,11.79,,,,,,6.1,6,19.7,10.6,,,,,,,,,,,,,
156,2012-10-01,18.2,13.7,315,24.2,1441,,,,,,,5.8,290,1721,3.2,20,1740,1.1,957,12,41,1442,69.5,14.1,1006.7,1017.2,2231,1013,1,1015.2,11.8,9.4,1100,2.71,15.75,,,,,,2.8,2.4,21.2,10.1,,,,,,,,,,,,,
156,2012-10-02,18.9,13.8,421,25.4,1518,,,,,,,5.3,290,1425,3.2,50,2129,1,868,12.7,37,1423,69.5,14.7,1008.3,1018.3,812,1014.7,1605,1016.7,11.8,9.5,1200,2.78,16.35,,,,,,2.9,2.8,23,9.9,,,,,,,,,,,,,
156,2012-10-03,19.7,14.3,628,26.7,1403,,,,,,,8.5,20,1232,5.3,20,1232,1.5,1334,12.4,32,1400,66.3,14.5,1005.3,1017,12,1011.1,1543,1013.8,11.8,9.5,1200,2.77,17.87,,,,,,3,1.8,24.3,10.4,,,,,,,,,,,,,
156,2012-10-04,18.9,14.2,614,25.5,1444,,,,,,,7,290,1749,3.3,20,1504,1.4,1220,12.6,34,1348,70.6,14.7,1004.5,1015.6,2232,1010.8,1452,1012.9,11.7,10.3,1100,2.59,18.14,,,,,,.9,.4,23.6,9.5,,,,,,,,,,,,,
156,2012-10-05,18.4,14.5,514,22.5,1314,,,,,,,7,340,1723,3.6,50,1706,1.4,1236,13.4,55,1315,74,15.4,1009.5,1019.9,2256,1015,10,1018,11.7,2.2,1200,1.56,9.87,,,,,,7.4,2,21.2,10.2,,,,,,,,,,,,,
156,2012-10-06,19.1,16.3,2328,25.3,1341,,,,,,,9.6,50,1328,6.5,20,1358,2,1737,12,26,1345,66.3,14.2,1012.1,1022.2,2219,1019.1,1338,1020.6,11.6,7.7,1200,2.29,13.99,,,,,,4.9,2.5,22.5,11.6,,,,,,,,,,,,,
156,2012-10-07,18.8,13.3,717,25.8,1550,,,,,,,5.4,180,1313,3.7,200,1321,1.3,1166,12.5,30,1436,70.5,14.6,1013.5,1023.6,908,1019.8,1607,1022,11.6,10.1,1100,2.53,17.21,,,,,,2.1,1.6,22.9,8.9,,,,,,,,,,,,,
156,2012-10-08,18,13.9,544,24.1,1547,,,,,,,7.3,50,1255,4.7,50,1258,2.1,1772,9.5,36,1548,60.1,12,1012.6,1023.3,741,1018.9,1635,1021.1,11.6,10.1,1200,2.67,16.64,,,,,,2.1,1,21,9.8,,,,,,,,,,,,,
156,2012-10-09,17.1,11.9,556,24.1,1401,,,,,,,5.7,250,1509,3.6,230,1401,1,884,10.4,40,1552,66.4,12.6,1009.1,1020.3,3,1015.4,1741,1017.7,11.5,7.1,1200,2.41,13.55,,,,,,4.9,2.5,20.7,7.1,,,,,,,,,,,,,
156,2012-10-10,16.5,12.4,543,22.2,1503,,,,,,,7.1,270,1644,4,250,1649,1.2,1047,11.9,57,1514,75.5,14,1007,1016.8,1,1013.4,1456,1015.5,11.5,6.6,1200,1.79,9.99,,,,,,2.9,1.8,19.9,7.7,,,,,,,,,,,,,
156,2012-10-11,14.7,10.7,626,19.7,1403,,,,,,,9.3,20,1253,4.6,20,1348,1.9,1619,4.8,27,1428,54.5,8.8,1008.5,1019,2208,1015.6,1421,1017.1,11.5,10.7,1200,2.68,18.37,,,,,,.3,.3,19.7,4.5,,,,,,,,,,,,,
156,2012-10-12,15.3,7.9,636,23.5,1510,,,,,,,5.7,70,1127,3.5,50,1134,1.3,1145,3.9,17,1501,51.6,8.2,1010.1,1020.1,843,1016.4,1443,1018.7,11.4,10.2,1300,2.45,17.02,,,,,,1.5,0,19.1,1.9,,,,,,,,,,,,,
156,2012-10-13,16.9,11.5,459,24.9,1506,,,,,,,7.2,70,907,3.6,230,1741,1,887,8.2,31,1544,59.5,10.9,1009.9,1020,850,1016.5,1505,1018.5,11.4,5.2,1100,2.31,11.93,,,,,,6.3,3.8,19.5,6.5,,,,,,,,,,,,,
156,2012-10-14,16.9,12.2,551,24.6,1456,,,,,,,5.5,290,1516,3.6,200,1435,1.3,1154,9.8,33,1248,65.1,12.1,1010.3,1020.9,2342,1017.3,1520,1018.9,11.4,7.7,1200,2.23,12.92,,,,,,3.1,1.3,19.3,7.2,,,,,,,,,,,,,
156,2012-10-15,16.8,11.3,524,24.7,1424,,,,,,,9.8,20,805,6.8,50,831,2.6,2225,2.5,15,1615,42.4,7.4,1013.4,1024,846,1019.9,1623,1021.9,11.3,10.6,1200,2.52,16.96,,,,,,.8,0,19.8,5,,,,,,,,,,,,,
156,2012-10-16,18,9.7,541,25.7,1341,,,,,,,7.6,200,1432,5.2,180,1440,1.7,1469,8.8,34,1313,56.3,11.4,1010.3,1022.7,155,1015.9,1748,1018.8,11.3,10.5,1200,2.48,16.74,,,,,,2.6,1.6,21,3.6,,,,,,,,,,,,,
156,2012-10-17,14.5,10.3,2351,18.6,23,2.67,.1,,.1,,.3,11.7,360,1628,6.3,20,1340,2.5,2137,7.9,43,1517,66.5,11.2,1007.6,1019.1,2227,1014,533,1016.3,11.3,4.4,1400,2.26,7.92,,,,,,6.6,4.6,19.3,6.3,,,,,,,,,,,,,
156,2012-10-18,12.4,7.6,514,18.1,1247,,,,,,,12.3,20,1223,8.3,20,1510,4.2,3596,-1.4,18,1244,41.9,5.6,1010.2,1021.2,2333,1016.5,1459,1018.9,11.2,10.6,1200,2.63,17.71,,,,,,0,0,16.8,2.2,,,,,,,,,,,,,
156,2012-10-19,13.4,6.5,601,21.3,1442,,,,,,,6,50,1337,3.4,50,1339,1,895,5.2,36,1421,59.9,9,1014,1025.1,858,1020.9,1524,1022.8,11.2,9.4,1300,2.2,14.63,,,,,,1,1,16.9,1.4,,,,,,,,,,,,,
156,2012-10-20,14.1,9,610,22.7,1444,,,,,,,5.5,230,1501,3.3,250,1611,1,896,7,24,1526,66.4,10.1,1014.1,1024.2,835,1020.6,1504,1022.8,11.1,3.4,1300,1.66,9.14,,,,,,3,1.9,16.7,4.1,,,,,,,,,,,,,
156,2012-10-21,16.7,9.1,643,25.3,1358,,,,,,,5.2,160,1845,3.2,160,1824,1.1,917,6.6,22,1702,55.9,9.8,1014.7,1025.8,820,1020.9,2354,1023.3,11.1,10,1200,2.34,15.47,,,,,,2.5,1.8,18.8,4.5,,,,,,,,,,,,,
156,2012-10-22,15.9,12.6,2200,21,954,8.33,5,1328,30.5,1328,53,11.1,200,1055,7.5,200,1058,2.4,2104,11.7,51,18,77.4,14.1,1006.3,1020.9,1,1009.5,1432,1014.8,11.1,0,900,.42,1.12,,,,,,9.6,5.4,16.2,10.8,,,,,,,,,,,,,
156,2012-10-23,12.4,8.7,2350,16.8,1414,,,,,,,8.9,360,1433,4.7,20,946,2.1,1844,3.2,27,1432,55.4,7.7,1009.7,1021.1,2322,1015,10,1018.4,11.1,10.1,1200,2.52,16.07,,,,,,1.6,1.6,14.5,4.3,,,,,,,,,,,,,
156,2012-10-24,12.5,6.1,624,20.4,1400,,,,,,,7.1,270,1655,4.1,250,1751,1.4,1205,5.8,33,1436,66.6,9.3,1011.9,1022.2,856,1017.9,1554,1020.6,11,7.7,1200,2.48,14.4,,,,,,3.8,.3,13.5,2.3,,,,,,,,,,,,,
156,2012-10-25,14.7,8.1,557,22.7,1553,,,,,,,4.3,250,1515,2.4,230,1653,.9,764,6.9,25,1627,63.5,10,1013.1,1022.9,951,1020.3,1350,1021.8,11,10.1,1200,2.27,14.8,,,,,,.9,.1,15,3.9,,,,,,,,,,,,,
156,2012-10-26,17.2,10.6,530,24.5,1511,,,,,,,7,70,20,3.6,180,1726,1.2,1052,9.3,39,1531,61.6,11.7,1013.6,1024.2,923,1020.2,1521,1022.1,10.9,8.1,1000,1.96,12.6,,,,,,5.3,3.4,16.1,6.6,,,,,,,,,,,,,
156,2012-10-27,17.1,15.5,906,19,6,10.08,2.5,1111,9.5,1310,29.5,10.1,180,507,5.5,160,435,2.4,2077,14.4,56,1,85.1,16.5,1008.3,1020.9,1,1013.5,1503,1016.9,10.9,0,1000,.14,.65,,,,,,9.8,7.4,16.4,14.2,,,,,,,,,,,,,
156,2012-10-28,15.7,10.4,2355,20.3,1148,,,,,,,8.3,290,1613,4.3,290,1622,1.7,1443,9.5,51,1258,67.6,11.9,1011.7,1022.5,2144,1016.9,1,1020.3,10.9,9.5,1200,2.21,13.75,,,,,,2.6,2.6,16.9,6.1,,,,,,,,,,,,,
156,2012-10-29,13.7,8.4,639,19.8,1442,,,,,,,5.4,20,1150,3.6,50,600,1.6,1376,6,32,1503,63.1,9.4,1011.1,1022.5,838,1016.4,1701,1019.7,10.8,9.8,1100,2.36,15.14,,,,,,3.4,.5,14.8,4,,,,,,,,,,,,,
156,2012-10-30,11.2,6.6,2331,14.9,1135,,,,,,,8.2,360,1015,4.8,20,1017,1.7,1502,3.8,39,1311,61.9,8.2,1008.6,1018.9,1,1015.5,1435,1017.4,10.8,9.3,1200,2.25,14.23,,,,,,3.6,2.3,14.3,2.7,,,,,,,,,,,,,
156,2012-10-31,9.6,4.6,420,14.5,1343,,,,,,,8.2,360,1348,4.5,50,847,1.9,1613,2,35,1302,61.6,7.1,1008.7,1018.5,813,1015.5,1539,1017.5,10.8,8.9,1100,2.36,14.38,,,,,,4.4,4.4,12.3,1.8,,,,,,,,,,,,,
156,2012-11-01,9.2,5.6,2350,12.5,1253,,,,,,,13.3,20,1020,8.6,20,1215,3,2552,-2,29,1342,46.4,5.3,1012.6,1024.9,2349,1017.6,329,1021.4,10.7,9.7,1200,2.39,14.6,,,,,,2.4,2.4,11.3,1.3,,,,,,,,,,,,,
156,2012-11-02,8.3,2.8,658,15.8,1409,,,,,,,6.8,20,1617,4.7,20,1720,1.7,1426,-1.6,24,1427,53.8,5.5,1016.4,1027,1030,1023.5,1512,1025.3,10.7,9.9,1200,2.28,14.28,,,,,,2,0,11,-.6,,,,,,,,,,,,,
156,2012-11-03,10.6,3.3,700,18.7,1412,,,,,,,5.3,270,1426,3.3,230,2042,1.1,980,1.3,28,1338,55.6,6.8,1015.9,1027.1,745,1021.6,2339,1024.7,10.7,10,1200,2.25,14.17,,,,,,0,0,11.4,-1.1,,,,,,,,,,,,,
156,2012-11-04,12.2,9,130,15.9,1049,8.5,,,,,4,9.2,180,946,4.5,140,1035,2.1,1841,8.5,53,755,79.5,11.2,1008.9,1022.6,110,1014.1,1503,1017.6,10.7,.3,900,.62,2.67,,,,,,8.5,5.6,12,5.7,,,,,,,,,,,,,
156,2012-11-05,10,7,456,15.5,1220,2.58,,,,,1.5,8.9,250,1514,6,250,1518,1.9,1599,6.9,48,1423,82.9,10,1007.5,1017.8,37,1015,1422,1016.2,10.6,3.3,1200,1.95,7.39,,,,,,5.9,5.9,11,3.4,,,,,,,,,,,,,.85
156,2012-11-06,10.5,7.8,707,14,1301,5,,,,,5,10.9,230,109,6.9,230,117,2.6,2249,6.2,57,1400,76,9.5,1008.1,1018.3,2159,1014.4,412,1016.9,10.6,3.7,900,1.39,6.17,,,,,,8.5,7.6,11.2,6.5,,,,,,,,,,,,,
156,2012-11-07,11.4,9,2348,15.4,1329,,,,,,,7.6,290,1236,3.8,290,1338,1.4,1226,5,46,1402,65.6,8.7,1009.1,1019.2,2133,1016.1,1340,1017.8,10.6,7,1300,1.64,9.2,,,,,,5.8,5.8,11.6,3.7,,,,,,,,,,,,,
156,2012-11-08,11.6,6.4,656,16.2,1426,,,,,,,4.5,250,1507,2.7,230,1507,1,864,6.4,51,1435,72.3,9.6,1010.1,1020.3,928,1017,1439,1018.9,10.5,4.8,1000,1.55,8.55,,,,,,6.9,1.1,11.3,2.9,,,,,,,,,,,,,
156,2012-11-09,12.4,7.3,806,18.8,1442,,,,,,,6.6,20,2357,4,20,1147,1.3,1113,5.7,37,1249,67.3,9.2,1013.5,1024.5,2301,1020.1,1,1022.2,10.5,8.6,1100,2.11,12.28,,,,,,.8,0,12.3,3.4,,,,,,,,,,,,,
156,2012-11-10,13.2,9.4,702,18.6,1321,6.17,,,,,4.5,13.2,50,2148,7.7,50,2225,4.2,3609,5.7,37,1327,62.3,9.2,1010.5,1024.5,31,1011.2,2349,1019.2,10.5,4.6,1000,1.76,9.01,,,,,,8,4.4,11.5,5.2,,,,,,,,,,,,,
156,2012-11-11,11.3,8.1,2316,14.6,715,7.83,,,,,4,13.1,270,1134,7.3,230,938,3.6,3112,5.4,45,2305,68.6,9.5,1003.3,1016.4,2143,1006.4,549,1011.9,10.4,2.1,1300,1.16,3.43,,,,,,9,7.4,11.7,6.2,,,,,,,,,,,,,
156,2012-11-12,10.7,8.1,4,14,1255,,,,,,,11.4,250,1101,7,250,1502,3.5,3012,.6,40,1451,50.4,6.4,1007.7,1018.6,1111,1015.2,2344,1016.5,10.4,8.6,1200,1.97,10.98,,,,,,6.8,3.8,10.8,7.3,,,,,,,,,,,,,
156,2012-11-13,9.2,4.9,2354,13.9,1241,3.58,,,,,.3,11.7,270,1122,6.2,250,1122,2.6,2264,.9,29,1244,58.5,6.6,1003.3,1015.3,1,1009.5,1355,1012.1,10.4,5.7,1200,2.11,8.67,,,,,,7.1,5.5,9.2,3,,,,,,,,,,,,,
156,2012-11-14,5.8,3.8,546,9.2,1234,7.75,,,,,5,9.1,360,1327,4.8,20,1333,1.9,1622,1.8,55,1320,76.1,7,1009.9,1022.8,2346,1013.5,51,1018.9,10.4,3,1300,1.42,5.64,,,,,,7.9,7.1,8.3,2.8,,,,,,,,,,,,,
156,2012-11-15,7,3.6,652,11.9,1542,1.58,,,,,.5,8.4,20,1257,5.1,50,1243,2.1,1809,-1.2,29,1557,58.9,5.7,1017.8,1029.6,2211,1022.8,1,1026.8,10.3,9.2,1200,2.19,13.49,,,,,,2.5,2.5,9.6,-.7,,,,,,,,,,,,,
156,2012-11-16,7.1,1.7,517,12.1,1557,7.17,,,,,6.5,3.6,50,2040,2.5,50,2044,.9,740,3.5,58,1314,79.1,8.1,1014.1,1029,47,1016.6,2354,1023,10.3,.4,1300,.72,4.02,,,,,,7.9,5.9,7.9,-2.1,,,,,,,,,,,,,
156,2012-11-17,8.6,6.8,2353,11.4,1237,4.25,,,,,6.5,9.4,320,1258,5.1,360,1403,1.7,1509,3,47,1511,69.9,7.8,1007.9,1020.5,2350,1013.3,531,1016.7,10.3,4.1,1200,1.24,6.21,,,,,,7.9,7,9.6,4,,,,,,,,,,,,,
156,2012-11-18,7.3,2.6,725,12.7,1436,,,,,,,7.2,70,859,5.2,50,902,1.7,1483,-2.2,28,1454,53,5.3,1012.3,1023.2,947,1019.9,1659,1021.2,10.3,9.5,1200,2.09,13.01,,,,,,.5,.5,7.9,-1.6,,,,,,,,,,,,,
156,2012-11-19,6.1,1.4,535,13.4,1257,.5,,,,,.1,9.3,290,1337,4.5,20,1925,1.7,1476,.5,46,1300,68.3,6.4,1011.1,1022.5,2354,1017.3,1253,1020,10.2,6.1,1200,1.84,7.94,,,,,,5.1,4.6,6.1,-2.2,,,,,,,,,,,,,
156,2012-11-20,4.6,1.5,722,8.6,1357,,,,,,,10.2,20,100,6.2,20,1504,3,2582,-4,28,1440,55.1,4.6,1014.7,1025.1,1046,1022.1,103,1023.7,10.2,2.9,1300,1.3,6.73,,,,,,5.6,1.3,5,-1.9,,,,,,,,,,,,,
156,2012-11-21,5.6,.7,718,10.7,1227,,,,,,,5.2,50,125,4.1,50,130,1.5,1280,-3.4,32,1215,54,4.8,1012.2,1023.9,1,1018.5,1617,1021.2,10.2,2.6,1200,1.51,6.89,,,,,,5.1,1.3,4.9,-4,,,,,,,,,,,,,
156,2012-11-22,8.4,2.2,522,15.5,1416,,,,,,,6.4,50,2219,4.6,50,950,1.5,1305,-.7,18,1536,56,5.8,1009.3,1020.4,27,1015.4,1533,1018.1,10.2,7.9,1100,1.77,10.46,,,,,,5,.5,6.8,-1.9,,,,,,,,,,,,,
156,2012-11-23,7,4.5,2001,9.3,1205,,,,,,,7.6,70,1222,5,20,554,2.4,2032,-.2,51,1251,60.1,6,1009.6,1020.8,2307,1016.2,1500,1018.5,10.1,4.7,1100,1.7,8.37,,,,,,6.5,2.8,7.9,3.2,,,,,,,,,,,,,
156,2012-11-24,4.4,1.3,439,9.2,1259,,,,,,,8.5,360,1159,4.6,360,1419,2.7,2324,-3.3,39,1100,57.9,4.8,1014.1,1025,2217,1020.4,111,1023.1,10.1,8.7,1200,2.06,11.88,,,,,,3.4,3.4,5.6,-3.4,,,,,,,,,,,,,
156,2012-11-25,4,-.6,442,9,1229,4.87,,,,,4.5,6.4,20,1908,4.7,20,1909,1.8,1560,-1.9,36,1611,68.3,5.4,1011.6,1025.9,223,1015.2,2355,1020.7,10.1,5.5,1100,1.84,8.41,,,,,,5.8,3.1,4.1,-5.7,,,,,,,,,,,,,
156,2012-11-26,4.8,2.6,507,9.2,1318,6.97,,,,,3.5,10,290,1424,4.8,320,1328,2.4,2114,-1.1,39,1433,68.4,5.8,1007.9,1021.9,2400,1012.1,500,1016.8,10.1,4.2,1300,1.44,6.5,,,,,,7.3,6.4,5.7,-.6,,,,,,,,,,,,,
156,2012-11-27,4,-.1,605,9.3,1417,,,,,,,6.3,70,133,4.4,50,135,2.1,1810,-3.2,39,1336,61,4.9,1013.9,1025.2,1033,1021.7,6,1022.9,10,9.1,1200,2,11.5,,,,,,2.5,2.5,4.5,-4.4,,,,,,,,,,,,,
156,2012-11-28,8,2.6,441,16.2,1421,,,,,,,11.8,250,1305,7.5,230,1210,2.2,1934,1.9,38,1416,66.5,7.1,1010,1021.7,2,1015.8,1430,1018.9,10,6.7,1100,1.78,9.22,,,,,,4.5,4,7.2,-.2,,,,,,,,,,,,,
156,2012-11-29,4.9,1.3,2346,9.1,1453,,,,,,,8,50,1207,5.7,50,1254,2.5,2154,-6.8,21,1516,45,3.9,1013.7,1024.6,956,1019.8,219,1022.7,10,6.1,1200,2.04,9.88,,,,,,4.3,.4,5.8,-3.8,,,,,,,,,,,,,
156,2012-11-30,5,.6,241,10,1507,,,,,,,8.9,50,336,6.7,50,337,2.8,2424,-7.2,28,1508,41.9,3.6,1015.3,1026.7,2400,1022,1511,1024.3,10,6.2,1200,1.79,9.32,,,,,,4.4,1,4.9,-2.6,,,,,,,,,,,,,
156,2012-12-01,2.7,-1.5,756,7.4,1440,,,,,,,11.2,20,612,6.9,50,831,3.1,2642,-9.1,20,1516,44,3.1,1018.3,1030.3,848,1025,2328,1027.4,10,9,1100,1.95,11.47,,,,,,3.9,1,4,-4.1,,,,,,,,,,,,,
156,2012-12-02,4.3,.4,45,10.5,1516,3.4,,,,,.5,6,70,1918,4.4,50,2003,1.3,1116,-.6,48,2,71.9,6,1014.1,1026,321,1021,1528,1023.1,10,5,1200,1.91,7.87,,,,,,5,3.4,5.7,-3.2,,,,,,,,,,,,,
156,2012-12-03,3.8,-.7,625,8.8,1342,4.5,,,,,4,9.2,290,2320,5.4,200,1346,2,1686,1.3,47,2218,84.4,6.8,1008.7,1022,1,1013,1513,1017.7,9.9,1.4,1200,.87,4.19,,,,,,6.6,4.1,3.8,-4.9,,,,,,,,,,,,,
156,2012-12-04,1.7,-.1,658,5.5,1405,1.03,,,,,.2,7.7,360,443,4.8,20,731,1.7,1501,-3.4,44,1406,69.6,4.8,1012.9,1023.6,1020,1019.3,2,1022,9.9,6.9,1100,1.79,9.83,,,,,,5.8,5.5,3.6,-3.9,,,,,,,,,,,,,
156,2012-12-05,2,-.8,631,9.1,1307,9.02,,,,,14.5,12.4,200,1518,8.5,200,1520,2.5,2200,-1.2,42,1256,80.6,5.6,1009.3,1023.6,217,1011.4,1616,1018.4,9.9,4.5,1200,1.78,7.03,3,2359,3,2359,3,8.4,4,2.6,-4.2,,,,,,,,,,,,,
156,2012-12-06,-2.1,-4.1,800,1.4,1431,7.23,,,,,4,7.9,320,15,5.2,50,1121,2.4,2092,-5,57,1433,80.9,4.2,1015.5,1026.4,1100,1019.4,1,1024.8,9.9,5.5,1400,1.77,8.08,7,751,9.6,751,7,3.9,2.9,3,-6,,,,,,,,,,,,,
156,2012-12-07,1,-3.4,434,6.6,1310,4.92,,,,,3,11.1,20,1454,6.3,250,2039,1.9,1648,-1.4,65,1053,84.4,5.6,1010.5,1026.1,224,1014.9,1446,1019.6,9.9,2,1200,1.75,4.92,.3,2400,3.5,1,.3,7.9,6.4,2.3,-6,,,,,,,,,,,,,
156,2012-12-08,-1.2,-3.7,2058,2.6,1523,10.35,,,,,4.4,11.4,270,1612,6.6,250,1615,2.2,1936,-3.9,54,1614,82.4,4.6,1011,1022.3,823,1017.8,1608,1020.2,9.9,5.3,1500,.72,3.46,7,1157,7.2,1157,7.6,6.3,6.3,1.9,-6.1,,,,,,,,,,,,,
156,2012-12-09,-3.4,-7.5,722,0,1435,2.75,,,,,1.3,9.2,270,325,5.9,20,422,2.8,2408,-7.7,56,1438,72.9,3.5,1012.2,1024.5,2358,1017.5,309,1021.5,9.9,9,1200,1.94,11.46,3,428,6.4,428,3,1.3,1.3,1.7,-12.3,,,,,,,,,,,,,
156,2012-12-10,-2.6,-6.3,631,2.3,1345,,,,,,,7.7,20,1412,5.6,20,1421,2.4,2116,-7.7,48,1625,68.4,3.4,1016,1026.7,2342,1023.8,342,1025.3,9.9,9.2,1200,1.87,10.75,,,3.5,1,,1.6,1.6,1,-9.4,,,,,,,,,,,,,
156,2012-12-11,-.8,-3.9,616,3.2,1407,,,,,,,6.6,50,1029,5,50,1032,2.8,2460,-6.5,53,1245,65.6,3.8,1017.3,1028.2,2350,1025.1,414,1026.6,9.8,8.1,1200,1.78,10.32,,,,,,5,5,2.1,-6.8,,,,,,,,,,,,,
156,2012-12-12,-.6,-4,507,5,1317,,,,,,,6.9,50,1028,4.9,50,1003,2.3,2007,-8.1,28,1618,58.4,3.3,1020.9,1032.4,2253,1028,6,1030.2,9.8,9.3,1200,1.96,11.57,,,,,,0,0,2.6,-7.9,,,,,,,,,,,,,
156,2012-12-13,1.7,-4.8,709,9.3,1452,,,,,,,4.5,50,52,3.4,50,59,1.2,1004,-6.3,30,1338,56.5,3.8,1021.3,1033.1,954,1028.2,2358,1030.5,9.8,8.6,1200,1.86,10.75,,,,,,1.6,0,2.2,-8,,,,,,,,,,,,,
156,2012-12-14,7.8,1.8,119,10.2,2239,13.25,,,,,22.5,6.6,180,1040,3.8,50,846,1.5,1339,6.7,60,1,93,10,1009.3,1028.2,1,1014.2,1752,1018.2,9.8,0,1100,.16,.93,,,,,,10,7.1,5.4,-.9,,,,,,,,,,,,,4.63
156,2012-12-15,7.4,4.7,2353,10.2,1,.28,,,,,0,6.5,250,113,4.8,20,1123,2.2,1892,5.2,76,2121,86.5,8.9,1009.1,1022,2316,1014.5,504,1018,9.8,0,1100,.4,1.62,,,,,,8.6,5.1,7.5,-.5,,,,,,,,,,,,,
156,2012-12-16,5.9,1,532,12,1521,,,,,,,8.6,50,707,6.5,50,735,1.9,1654,1.1,45,1548,73.6,6.6,1012.3,1023.1,926,1019.4,1614,1021.3,9.8,9.1,1200,1.84,10.77,,,,,,1.5,1,4.6,-3.6,,,,,,,,,,,,,
156,2012-12-17,4.1,1.7,2309,7,1329,.2,,,,,0,8.9,50,1447,5.2,360,2347,2.5,2124,-.4,57,1354,72.6,6,1012.6,1022.9,2138,1020.1,120,1021.6,9.8,1.1,1200,1,2.99,,,,,,8.8,6.5,4.9,1.5,,,,,,,,,,,,,
156,2012-12-18,-1.2,-2.8,2359,1.8,1,7.48,,,,,0,13,360,724,6.6,20,726,3.9,3398,-8.1,50,1523,59.4,3.3,1016.7,1027.6,1013,1022.8,3,1026,9.8,7,1200,1.91,9.39,,,,,,6.6,6.6,2.4,-4.2,,,,,,,,,,,,,
156,2012-12-19,-2.4,-5.1,536,1.9,1358,,,,,,,7.1,50,944,4.9,50,947,2.8,2432,-9.3,41,1446,60,3,1019.3,1031.3,2351,1026.7,1457,1028.7,9.8,8.8,1200,1.89,10.5,,,,,,3.4,1.8,1.3,-8,,,,,,,,,,,,,
156,2012-12-20,.3,-5.1,527,6.9,1343,,,,,,,8.8,50,852,6.5,50,841,3.4,2909,-9.1,31,1338,50.9,3.1,1021,1032.6,1044,1027.3,2356,1030.2,9.8,7.1,1200,1.81,9.6,,,,,,4,0,.7,-8.9,,,,,,,,,,,,,
156,2012-12-21,3.7,-.1,14,5.3,1056,10.92,,,,,11.5,9.4,70,1436,6.2,20,1335,2.7,2326,1,47,234,83.5,6.7,1011.4,1027.4,1,1015.8,1713,1020.4,9.8,0,1200,.23,1.52,,,,,,9.8,5.4,2.6,-4,,,,,,,,,,,,,
156,2012-12-22,1.8,-.9,2032,3.8,1520,,,,,,,9.9,360,425,6.4,20,426,2.5,2136,-3.2,52,1558,69.5,4.9,1014.8,1027.7,2356,1019.1,9,1024,9.8,2.7,1400,1.15,4.04,,,,,,6.9,4.4,3.4,-4.1,,,,,,,,,,,,,
156,2012-12-23,-3.1,-6.7,2359,.6,150,15.93,,,,,.4,10.4,360,1623,6.7,20,1548,2.8,2384,-6.9,62,1503,74.5,3.7,1019.2,1030.1,2256,1026.9,436,1028.5,9.8,3.1,1100,1.48,6.15,1.3,755,1.3,755,1.5,6.9,6.9,1.1,-7.4,,,,,,,,,,,,,
156,2012-12-24,-3.9,-8.6,426,1.1,1500,,,,,,,5.5,250,1624,4,50,1053,1.7,1491,-9.1,49,1435,67.8,3.1,1019.3,1031.3,853,1026.6,1756,1028.7,9.8,9.1,1200,1.92,11.09,,,.2,1,,2.4,2.4,.4,-10.7,,,,,,,,,,,,,
156,2012-12-25,-2.7,-8.1,2354,2.5,1031,7.57,,,,,.1,8.6,20,1356,5.3,20,1313,2,1731,-6.5,54,1908,75.6,4,1021.6,1035.5,2340,1026.6,359,1030.9,9.8,6.7,1300,1.61,7.57,.5,558,.5,558,.5,5.1,5.1,.6,-10.1,,,,,,,,,,,,,
156,2012-12-26,-5.6,-10.2,727,-.1,1457,,,,,,,8.5,50,1320,5.6,20,1317,2.7,2354,-17.6,18,1404,40.4,1.6,1024.9,1037,923,1031.9,1655,1034.4,9.8,9.3,1200,2.01,11.86,,,,,,0,0,-1.6,-12.2,,,,,,,,,,,,,
156,2012-12-27,-1,-8.4,430,5.3,1516,,,,,,,6.2,50,1359,4.6,20,1343,1.3,1155,-14.9,14,1249,37.1,2,1020.1,1033.4,7,1026.2,2232,1029.3,9.8,7.7,1200,1.85,10.08,,,,,,4.4,2.1,-.6,-11.1,,,,,,,,,,,,,
156,2012-12-28,.6,-1.3,256,5,1438,11.17,,,,,6.7,6.9,50,1944,4.4,50,1915,1.7,1492,-1.1,35,30,88.6,5.7,1014.4,1027.2,2352,1020.3,1443,1023.6,9.8,3.3,1400,1.37,5.49,8.4,859,8.4,859,8.4,6.4,4.6,.4,-5.4,,,,,,,,,,,,,
156,2012-12-29,.7,-2.5,543,4.1,1500,3.62,,,,,3,4.7,290,1248,2.8,20,1609,1.1,919,-1,74,1459,88.4,5.7,1013.1,1026.9,1,1018.9,1655,1022.2,9.8,.8,1100,.98,5.16,.4,2359,2.4,1,.4,7,5.4,.3,-6.8,,,,,,,,,,,,,
156,2012-12-30,-2.4,-5,2358,.6,306,16.67,,,,,2.7,10.5,360,1147,6.3,20,1152,2.7,2293,-5.3,60,1518,81.1,4.2,1010.3,1020.5,954,1017.9,1337,1019.5,9.8,6.1,1200,.61,3.3,3.7,2359,4.1,2359,4.2,7.5,6.4,.5,-5.9,,,,,,,,,,,,,
156,2012-12-31,-3.6,-7.9,801,.3,1506,8.12,,,,,.8,6.1,50,154,4.5,50,154,1.9,1679,-6.5,57,1050,81.1,3.8,1012.4,1023.5,1044,1019.9,28,1021.7,9.8,8.7,1300,1.1,5.5,2,354,6.1,354,2.4,3.8,3.8,.5,-10.3,,,,,,,,,,,,,
